,RSI_apply_to,RSI_length,corr_low,corr_high,Divergence_diff_extereme,Divergence_num_exteremes_min,Divergence_num_exteremes_max,frequency,score
10,open,222.0,0.6702214909975954,0.6709431405659644,4.0,49.0,4.0,4H,0.293110042163633
11,HLCC/4,276.0,0.6879421027840277,0.688994616260225,5.0,485.0,4.0,4H,0.2752581150134499
12,HLCC/4,190.0,0.6698826669476522,0.6759356546979891,4.0,236.0,4.0,4H,0.2669220564861213
13,low,198.0,0.7055254504415357,0.7082406372726108,4.0,438.0,7.0,4H,0.2570736011169091
14,low,275.0,0.6830976457526831,0.6890509569344461,2.0,202.0,7.0,4H,0.2568495898215905
15,close,232.0,0.5740271302843838,0.5820857465461925,4.0,158.0,5.0,4H,0.2449762713070806
16,HLC/3,192.0,0.5521010986985939,0.5539309173649852,3.0,429.0,4.0,4H,0.2414037522620092
17,high,175.0,0.5025540170688396,0.51267971553778,6.0,185.0,5.0,4H,0.2344226814176786
18,HL/2,87.0,0.5646859961944947,0.5698600340677805,1.0,85.0,8.0,4H,0.2262694421080149
19,close,262.0,0.8352969203139082,0.8378280797969533,6.0,99.0,18.0,4H,0.2237202305267092
20,HLCC/4,116.0,0.7110427880913275,0.7109708177777533,1.0,431.0,21.0,4H,0.2232150110792607
21,HL/2,130.0,0.675288819936004,0.679697859299753,5.0,115.0,25.0,4H,0.2225045524813218
22,high,120.0,0.4033171565496352,0.4133762656106304,5.0,384.0,4.0,4H,0.2201527270218661
23,open,213.0,0.5873312541713038,0.5878304757936236,4.0,364.0,9.0,4H,0.2130252484375926
24,HLC/3,87.0,0.567113548818564,0.561434654418507,3.0,34.0,9.0,4H,0.2121762801851246
25,HL/2,20.0,0.2242242015445238,0.2193354906399949,5.0,68.0,3.0,4H,0.2098858120612805
26,HL/2,127.0,0.4680669147927117,0.467828552382867,6.0,231.0,6.0,4H,0.2061349124621218
27,low,269.0,0.6045044205235963,0.5982464006941483,3.0,455.0,9.0,4H,0.2055087285677615
28,high,269.0,0.6522651899495625,0.6592502552144456,4.0,66.0,11.0,4H,0.2048809132564547
29,OHLC/4,228.0,0.7585967270316618,0.7573333934925183,6.0,167.0,20.0,4H,0.2003589293802658
30,close,136.0,0.5994293729432092,0.6065102451091537,2.0,275.0,19.0,4H,0.1999860092713793
31,close,127.0,0.6502111883639128,0.6521558540915161,6.0,427.0,28.0,4H,0.1968911127669101
32,close,241.0,0.7932448318404448,0.8014542206190475,4.0,442.0,13.0,4H,0.1968592105760842
33,high,136.0,0.6095158424513636,0.6067416955135136,1.0,165.0,26.0,4H,0.1948376778807584
34,low,227.0,0.668745229092217,0.6818218239370852,3.0,342.0,30.0,4H,0.1939473540994625
35,high,262.0,0.7165944216069439,0.7248250453201439,4.0,481.0,34.0,4H,0.1937365447984157
36,high,265.0,0.7729931286990798,0.7792920140782726,6.0,205.0,26.0,4H,0.1933536471490984
37,OHLC/4,141.0,0.5031898095430744,0.5100994794794069,4.0,353.0,12.0,4H,0.1929811616642316
38,close,287.0,0.7641797902029036,0.7689740665571139,3.0,445.0,24.0,4H,0.1917621230331077
39,high,253.0,0.7049040144321126,0.7056787560374733,6.0,353.0,18.0,4H,0.1909655469267616
40,close,185.0,0.6932070032385005,0.7032251071111232,2.0,397.0,20.0,4H,0.1896830168665841
41,HLC/3,145.0,0.3491215072960268,0.3436470023341061,4.0,32.0,3.0,4H,0.1886944226244248
42,HLCC/4,193.0,0.5280502489124015,0.5273211158880352,5.0,95.0,10.0,4H,0.1883593654056685
43,HLC/3,111.0,0.3794889955539531,0.3809521139003702,2.0,53.0,6.0,4H,0.1880510670525916
44,HLCC/4,117.0,0.4871258500552349,0.4872644200862335,5.0,430.0,14.0,4H,0.1880130390780222
45,HLCC/4,59.0,0.4004889456115956,0.3932635702161862,2.0,188.0,10.0,4H,0.1877188335970594
46,open,184.0,0.5768955312634103,0.5649352793277808,1.0,454.0,17.0,4H,0.1867993191778462
47,HLC/3,217.0,0.6740475731582974,0.6825435248910483,6.0,405.0,29.0,4H,0.1860585556898131
48,close,264.0,0.7276647249300044,0.7353017046173032,4.0,470.0,30.0,4H,0.1858629019351673
49,open,281.0,0.7261877008640032,0.7341198396395893,2.0,338.0,27.0,4H,0.1856374947286303
50,close,104.0,0.4452683122289886,0.4429372384674898,3.0,437.0,12.0,4H,0.1848011433360009
51,low,78.0,0.2859557096869206,0.2826047016338593,4.0,201.0,3.0,4H,0.184724394930131
52,low,119.0,0.5341450097065301,0.5361109650136037,1.0,244.0,18.0,4H,0.1846909075363778
53,HLC/3,220.0,0.4474496785915768,0.4662790881047647,1.0,137.0,7.0,4H,0.1842908605021234
54,low,227.0,0.6159389139585832,0.6315686321804502,4.0,275.0,34.0,4H,0.1839470070132295
55,close,257.0,0.714988700362614,0.7251857934700155,3.0,18.0,14.0,4H,0.1839260471549925
56,HLC/3,127.0,0.4355036183723298,0.4398503473708823,5.0,220.0,11.0,4H,0.1830131214805825
57,low,233.0,0.6181763788287469,0.619274052891378,1.0,37.0,19.0,4H,0.1829665746062606
58,high,87.0,0.5162961437484431,0.5256232021515218,2.0,72.0,20.0,4H,0.1814117293089257
59,close,158.0,0.6475637767895536,0.6561393695066144,6.0,34.0,19.0,4H,0.181190556970575
60,high,76.0,0.5093433639352212,0.5281499625596527,5.0,129.0,34.0,4H,0.1808826292475747
61,OHLC/4,177.0,0.4126016498006855,0.4112198736524908,2.0,140.0,6.0,4H,0.1793472234263001
62,close,225.0,0.6868356969527654,0.6989333556220493,2.0,344.0,14.0,4H,0.1792627098738757
63,HLCC/4,102.0,0.4331751919389283,0.4316733228016438,5.0,213.0,20.0,4H,0.1776833282359592
64,low,201.0,0.6160563781085109,0.6253148060495586,4.0,222.0,26.0,4H,0.1753674829574299
65,low,222.0,0.4749213017489144,0.4689034578613359,6.0,335.0,16.0,4H,0.1748391858665164
66,open,46.0,0.2547984681744963,0.2601892886186518,3.0,328.0,7.0,4H,0.1743915366507826
67,HLC/3,289.0,0.7161724887727513,0.7268714885597246,5.0,176.0,26.0,4H,0.1733105854452777
68,low,153.0,0.5012591942566251,0.5143853961008782,1.0,68.0,27.0,4H,0.1727668145227072
69,HL/2,272.0,0.4813822175333073,0.4803737549714747,2.0,85.0,11.0,4H,0.1719876775366884
70,high,179.0,0.5527722583943583,0.5735185318847286,2.0,28.0,31.0,4H,0.1718190153431257
71,high,68.0,0.4137269538938494,0.4375407149839743,4.0,418.0,33.0,4H,0.171776377428775
72,HLCC/4,222.0,0.5995597969471761,0.6024492011984413,3.0,350.0,32.0,4H,0.1716433534140462
73,OHLC/4,82.0,0.3721328479858539,0.3733118377431074,2.0,289.0,8.0,4H,0.1710110169843273
9,low,123.0,0.5159127138796092,0.5247603392049311,4.0,427.0,39.0,4H,0.1695391155682238
74,HL/2,262.0,0.6934311251896649,0.7013532148792346,1.0,145.0,29.0,4H,0.1694259935650402
75,open,244.0,0.4863306750000176,0.4885663975668951,3.0,270.0,14.0,4H,0.1681234980801461
76,HLC/3,125.0,0.5113662015183578,0.5161983190630608,4.0,354.0,37.0,4H,0.1681152214789028
77,HLC/3,234.0,0.6208866212304627,0.6276942931071853,2.0,182.0,29.0,4H,0.1672298920193752
6,low,179.0,0.5710992694141493,0.5831412417678427,5.0,58.0,24.0,4H,0.16705948279601363
78,high,127.0,0.518876737484013,0.5603674323560135,4.0,182.0,43.0,4H,0.1669369047205461
79,high,115.0,0.4526732686539872,0.4503436391207205,2.0,176.0,20.0,4H,0.1649113401500832
80,OHLC/4,271.0,0.663394258494033,0.6732552211743376,3.0,407.0,33.0,4H,0.1646836483028548
81,OHLC/4,293.0,0.6068542915356601,0.6109283563071253,2.0,277.0,21.0,4H,0.1644694798766178
82,open,98.0,0.409860119663588,0.4397919772214679,1.0,96.0,16.0,4H,0.1629413845455853
83,HL/2,262.0,0.5181327197500264,0.5209648429396958,5.0,36.0,15.0,4H,0.1628507660353272
84,OHLC/4,281.0,0.4069224203270711,0.4062313543533091,6.0,92.0,8.0,4H,0.1625871191279886
85,HL/2,111.0,0.4199132376360835,0.4244159347774303,2.0,329.0,30.0,4H,0.1576853365250416
86,close,147.0,0.3474202414046425,0.3513335926590023,6.0,199.0,10.0,4H,0.157485868898027
87,open,250.0,0.5688531045485357,0.5593679551029749,1.0,392.0,24.0,4H,0.156300243243853
88,low,58.0,0.3109321117568007,0.3051884228249568,6.0,237.0,19.0,4H,0.1506070761650748
89,low,89.0,0.4554501281630523,0.4610354624486919,3.0,371.0,42.0,4H,0.149772374268005
90,high,111.0,0.4094387521432973,0.4507681454351618,3.0,491.0,38.0,4H,0.1492123909104225
91,open,155.0,0.3946619302194937,0.3756302447940626,6.0,169.0,21.0,4H,0.1436609039701244
92,open,258.0,0.4883034228988175,0.4973810136846782,6.0,327.0,16.0,4H,0.1428411723403138
93,HL/2,66.0,0.3243347737849039,0.3248974599788876,5.0,311.0,31.0,4H,0.1399279246149123
94,HL/2,16.0,0.8171807403024361,0.835744134200129,3.0,471.0,180.0,4H,0.1397924823706606
95,HLCC/4,252.0,0.4797966996479524,0.4725864191395345,5.0,343.0,34.0,4H,0.1396068023360539
96,HLC/3,94.0,0.341159105350861,0.3391561481929901,6.0,313.0,36.0,4H,0.1365399629489769
97,HLC/3,294.0,0.4512569362264091,0.4554535171201494,6.0,336.0,30.0,4H,0.1351086223127899
98,open,46.0,0.1844064027128846,0.1878240721067128,1.0,13.0,10.0,4H,0.1343409543979652
99,OHLC/4,123.0,0.3566989673275373,0.3596581504601646,5.0,55.0,40.0,4H,0.1321766542719375
100,HLCC/4,139.0,0.2002624157489075,0.1934391388962348,3.0,105.0,3.0,4H,0.1294525498768252
101,HLCC/4,50.0,0.1953220046389656,0.1852207839292087,3.0,156.0,9.0,4H,0.1280234799747688
102,HL/2,154.0,0.3857024036010135,0.3821910204187073,5.0,185.0,19.0,4H,0.1273171631905339
103,close,260.0,0.7118767806381605,0.7194212464721077,2.0,320.0,128.0,4H,0.1270035984564336
104,close,160.0,0.4472818740901008,0.447451000765572,4.0,230.0,52.0,4H,0.12602080830985
105,OHLC/4,160.0,0.4474111949957682,0.4467320838186839,4.0,331.0,49.0,4H,0.1259654174564133
106,open,286.0,0.4165100297617967,0.4361141764254371,4.0,317.0,32.0,4H,0.1220136884673363
107,HLC/3,228.0,0.4738243244606742,0.4713897646957925,6.0,209.0,50.0,4H,0.121347033124133
108,close,256.0,0.6633963940041664,0.672805104378318,1.0,94.0,134.0,4H,0.1213130323447295
109,close,249.0,0.6543265572217394,0.6637960347247344,1.0,7.0,139.0,4H,0.1202162188904641
110,HL/2,225.0,0.4606514163805181,0.4582485792035393,4.0,92.0,59.0,4H,0.1190843000470053
111,HL/2,27.0,0.136031918572806,0.1292144263027693,5.0,343.0,7.0,4H,0.1190531854262504
112,open,226.0,0.4465715017549219,0.4442105213704219,1.0,114.0,60.0,4H,0.1166424440221756
113,HLC/3,239.0,0.6189380351518136,0.6387947952319225,3.0,280.0,139.0,4H,0.1165081154238873
114,low,217.0,0.4458473245474855,0.4431733879822646,4.0,187.0,50.0,4H,0.1164885595976657
115,HLCC/4,217.0,0.6131295149382867,0.6334032569839289,2.0,28.0,140.0,4H,0.1158148285976217
116,high,214.0,0.4172968633888976,0.4602182504285402,2.0,307.0,51.0,4H,0.1153895061935845
117,high,216.0,0.612497981279594,0.6207148153512733,3.0,113.0,129.0,4H,0.1149967556844529
118,close,271.0,0.5019087952995771,0.4999099584353882,4.0,8.0,50.0,4H,0.1146100270209746
119,OHLC/4,74.0,0.2489461973302165,0.2452734724659391,1.0,363.0,35.0,4H,0.113585381068019
120,HLCC/4,63.0,0.229663778833662,0.2277630003520295,3.0,290.0,26.0,4H,0.1135650171839397
121,HLCC/4,116.0,0.2856361895118514,0.282071913218906,1.0,400.0,44.0,4H,0.1131918592070847
122,low,219.0,0.5976138062977835,0.5936496101370224,3.0,320.0,131.0,4H,0.1123751454355892
123,close,202.0,0.4220222411216631,0.4195207553132821,3.0,190.0,50.0,4H,0.1123034055180624
124,HLCC/4,211.0,0.5790725853454526,0.5997688830776571,6.0,124.0,137.0,4H,0.111581529140487
125,HL/2,209.0,0.5730906759011946,0.5940226664679986,6.0,145.0,144.0,4H,0.1108397277273486
126,HLC/3,202.0,0.4082820398515195,0.405790078651857,3.0,374.0,58.0,4H,0.1098459112082396
127,OHLC/4,208.0,0.5754895852704769,0.5715693486577842,1.0,211.0,139.0,4H,0.1095776873314448
128,OHLC/4,207.0,0.5739241209159159,0.5700016906805169,4.0,72.0,143.0,4H,0.1093780570036742
129,close,192.0,0.3987836622547206,0.3962762779158174,2.0,489.0,52.0,4H,0.108128905379976
130,high,256.0,0.4343611129036716,0.4794534769967281,5.0,493.0,49.0,4H,0.1077083947480973
131,OHLC/4,247.0,0.4514960012949756,0.4488155776324245,5.0,245.0,49.0,4H,0.1067311102078369
132,close,274.0,0.340260749448166,0.3549638018073525,1.0,375.0,40.0,4H,0.1064956757940511
133,HL/2,261.0,0.4427052428106207,0.4400305407674278,4.0,287.0,54.0,4H,0.1053374769572865
134,close,190.0,0.381191900749895,0.3785350158544639,2.0,310.0,61.0,4H,0.1049010665261625
135,high,267.0,0.4126108756617805,0.4622467491730066,1.0,381.0,58.0,4H,0.1045976504001451
136,low,160.0,0.3274988452851809,0.3249810797773381,6.0,407.0,57.0,4H,0.1020992652661955
137,HL/2,220.0,0.2264897695673021,0.2268425093442863,2.0,163.0,12.0,4H,0.100910031746839
138,OHLC/4,248.0,0.4134288750643227,0.410714962922478,2.0,45.0,57.0,4H,0.1006230615656109
139,HL/2,191.0,0.4952347696206231,0.5092667547338389,4.0,344.0,128.0,4H,0.1002933524626458
140,open,160.0,0.3176689003007841,0.3153307935077626,5.0,261.0,55.0,4H,0.1000568964233588
141,HLCC/4,187.0,0.4918239084909465,0.5054581218598089,1.0,394.0,141.0,4H,0.0998125005354438
142,HLC/3,115.0,0.1215595247499907,0.1127526116375007,1.0,259.0,3.0,4H,0.098628981380827
143,high,186.0,0.481387833650553,0.4959121378893289,6.0,248.0,142.0,4H,0.0984736297762275
144,high,186.0,0.481387833650553,0.4959121378893289,3.0,428.0,131.0,4H,0.0984736297762275
145,open,28.0,0.1464526673718099,0.1692236609581189,3.0,296.0,23.0,4H,0.0980198400803631
146,open,231.0,0.3925513899668672,0.3898943930561854,6.0,137.0,64.0,4H,0.0971996989640149
147,HL/2,238.0,0.3914237866391384,0.3887548488541746,5.0,2.0,75.0,4H,0.0970118443069262
148,high,244.0,0.3629792073950844,0.4141567563796418,3.0,275.0,55.0,4H,0.0966197515364563
149,open,186.0,0.4755169599191389,0.4704531902799602,4.0,209.0,128.0,4H,0.0963638493872821
150,low,171.0,0.3346308729007183,0.3317869879703754,4.0,207.0,53.0,4H,0.0961254636787934
151,close,171.0,0.3339935356008908,0.3312889258642582,5.0,478.0,53.0,4H,0.0960163050010338
152,low,297.0,0.2898966628149465,0.3042857986373529,5.0,66.0,39.0,4H,0.0959050847062223
153,OHLC/4,180.0,0.4721737950050008,0.466920505317316,1.0,429.0,137.0,4H,0.0958962459733646
154,OHLC/4,167.0,0.330048968377785,0.327428373682163,3.0,14.0,50.0,4H,0.0952638712189373
155,open,290.0,0.2878507913219231,0.2966162978261287,2.0,132.0,40.0,4H,0.0948682332211323
156,open,222.0,0.3730314767638762,0.3704005206552962,1.0,365.0,67.0,4H,0.0939412005624259
157,high,235.0,0.342572848830988,0.3943531225162267,3.0,362.0,61.0,4H,0.0932387604469123
158,open,135.0,0.1550963890731738,0.1618698815363372,1.0,19.0,11.0,4H,0.0929620954727693
159,HL/2,275.0,0.2789264627798414,0.2876215534275589,4.0,463.0,41.0,4H,0.0929188263508992
160,OHLC/4,107.0,0.2585179468749962,0.2574994302256372,1.0,346.0,52.0,4H,0.0927860611357073
161,low,165.0,0.3129821467160588,0.3101510872366593,1.0,63.0,56.0,4H,0.091916670952516
162,HLCC/4,119.0,0.4280540673079092,0.4456550692721638,3.0,19.0,81.0,4H,0.0913802811865427
163,OHLC/4,226.0,0.269154681784745,0.2832612697333493,6.0,489.0,48.0,4H,0.091354450998042
164,HLCC/4,158.0,0.3066445763603381,0.3040482056673914,3.0,266.0,60.0,4H,0.0906892700870021
165,close,129.0,0.248939307818015,0.246250497043085,2.0,259.0,53.0,4H,0.0902714904725718
166,HL/2,136.0,0.2696137822081391,0.2673174758166676,3.0,238.0,57.0,4H,0.0896581582691857
167,high,224.0,0.3168905638026468,0.3694044983111302,5.0,415.0,64.0,4H,0.088890274172123
168,open,209.0,0.3404832167554227,0.3378570392116434,1.0,247.0,75.0,4H,0.0883744336963281
169,low,140.0,0.2618539598795913,0.2591922943291734,2.0,254.0,61.0,4H,0.0878807478363838
170,high,121.0,0.2139568563686371,0.257579848912322,1.0,375.0,56.0,4H,0.0871243958304979
171,high,218.0,0.302542988117037,0.3554549373073542,5.0,262.0,59.0,4H,0.0864120479153409
172,HLCC/4,214.0,0.326826283246386,0.3240836770217746,1.0,141.0,74.0,4H,0.0859755826538804
173,close,165.0,0.3187139730994304,0.3247476090966774,4.0,356.0,141.0,4H,0.0853164492308965
174,HLCC/4,169.0,0.3177047320623096,0.3238383064679743,4.0,202.0,133.0,4H,0.0851466798087797
175,HLCC/4,83.0,0.3714696339867216,0.3900385118673995,3.0,383.0,83.0,4H,0.0833739287193887
176,open,177.0,0.3092652430172914,0.3040864092079906,5.0,37.0,129.0,4H,0.0826341932829167
177,HL/2,173.0,0.2915714111065602,0.3033090347615207,6.0,154.0,133.0,4H,0.0809581381820862
178,OHLC/4,159.0,0.1954346376004567,0.1925489226215875,6.0,104.0,39.0,4H,0.0807650665892722
179,HL/2,148.0,0.2905609564416473,0.298046681961952,2.0,315.0,143.0,4H,0.0803941163534141
180,low,143.0,0.2960535965237845,0.2905298676999384,1.0,192.0,142.0,4H,0.0802116517058816
181,HLCC/4,201.0,0.2937693752765293,0.2910390196502337,5.0,317.0,75.0,4H,0.0800515348106655
182,HLCC/4,157.0,0.1924334487609458,0.1895939526845488,1.0,167.0,41.0,4H,0.0799363584744562
183,HLCC/4,137.0,0.2811749510583006,0.2884856525242946,1.0,385.0,137.0,4H,0.0786594126446261
184,high,154.0,0.2715860451212235,0.2909746456486192,6.0,10.0,133.0,4H,0.0779778547396378
185,HL/2,158.0,0.266385815444005,0.2787532857751563,5.0,341.0,127.0,4H,0.0763766807499148
186,OHLC/4,228.0,0.3378885720286502,0.3253128538234525,4.0,440.0,156.0,4H,0.0760404898838473
187,high,145.0,0.2606759267564085,0.2801612629755309,3.0,351.0,136.0,4H,0.075954484589211
188,HL/2,201.0,0.3348606969991686,0.3224725416969966,3.0,401.0,166.0,4H,0.0755913850554273
189,high,143.0,0.2581759504066045,0.2776819377460131,6.0,64.0,143.0,4H,0.0754868938629069
190,HL/2,197.0,0.3337893943137087,0.3214107415146682,4.0,342.0,177.0,4H,0.075427718312973
191,HL/2,196.0,0.3335257998043564,0.321149540689927,2.0,48.0,147.0,4H,0.0753874251498833
192,OHLC/4,202.0,0.3299512550460001,0.3174388023397006,2.0,201.0,159.0,4H,0.0748267006092468
193,high,145.0,0.1692308290243019,0.2040881881454417,1.0,189.0,42.0,4H,0.0745577624663161
194,open,147.0,0.2582650397990809,0.2650285974553944,3.0,338.0,131.0,4H,0.074330981949731
195,low,204.0,0.3249031994325062,0.3123671169570597,4.0,246.0,170.0,4H,0.0740445496774674
196,high,81.0,0.1643982267571611,0.1735108023470507,3.0,397.0,59.0,4H,0.0736405845996197
197,HLCC/4,193.0,0.3221287118373105,0.3098719252451922,2.0,470.0,170.0,4H,0.0736360616330176
198,high,135.0,0.2479273275911314,0.2675123641265362,3.0,234.0,147.0,4H,0.0735540351544667
199,close,222.0,0.3181459168549963,0.3058540794132279,2.0,417.0,145.0,4H,0.0730130023799523
200,OHLC/4,118.0,0.2559231164926422,0.2505066571498545,2.0,35.0,131.0,4H,0.0727266102675433
201,high,240.0,0.2508955292636621,0.2533703265422891,4.0,200.0,76.0,4H,0.0725214771449584
202,OHLC/4,112.0,0.1790794442655276,0.1762204065433285,4.0,260.0,60.0,4H,0.0723481995228591
203,open,201.0,0.3152882873538869,0.2936560988680213,4.0,14.0,161.0,4H,0.0718128701574382
204,close,286.0,0.3050199837515087,0.2976599461049403,3.0,33.0,51.0,4H,0.0713459887869233
205,high,125.0,0.2346445016020478,0.2543191694306045,2.0,131.0,140.0,4H,0.0710090293716071
206,high,184.0,0.2167393392554759,0.2718311357415011,6.0,388.0,69.0,4H,0.0707070521930463
207,low,93.0,0.1715489770355989,0.1700043810200692,1.0,261.0,51.0,4H,0.0704709020549854
208,HL/2,275.0,0.298619822560396,0.2908071917358051,1.0,52.0,50.0,4H,0.0702955644158974
209,HLC/3,102.0,0.1862652300453796,0.1835232933861278,4.0,195.0,64.0,4H,0.0699210050791832
210,low,90.0,0.2405113287586386,0.2347431014837678,3.0,366.0,140.0,4H,0.0697096992066701
211,high,182.0,0.211445033515266,0.2666571644852155,6.0,38.0,72.0,4H,0.0696788004150655
212,low,276.0,0.2923555153438801,0.2846925153754839,2.0,407.0,51.0,4H,0.0693078527574776
213,close,159.0,0.1561872753294494,0.1759488918914518,3.0,348.0,36.0,4H,0.0690882953012894
214,HLCC/4,93.0,0.2263441578424774,0.2346724691151762,6.0,318.0,148.0,4H,0.0683063209177
215,HLCC/4,88.0,0.2212145422788945,0.2295508517452265,6.0,106.0,132.0,4H,0.0672895996026792
216,HL/2,91.0,0.2183118903767931,0.2273997093800221,5.0,19.0,142.0,4H,0.0667840647799866
217,HL/2,172.0,0.2239090507950482,0.2213100773597386,1.0,67.0,66.0,4H,0.0667433544043317
218,HL/2,171.0,0.2207855644865814,0.2181828135892805,6.0,134.0,72.0,4H,0.0661171544815846
219,HLCC/4,103.0,0.1506858566081165,0.1477311677502457,2.0,275.0,59.0,4H,0.0644033743973705
220,open,102.0,0.2070175794845422,0.2130403790681993,6.0,446.0,132.0,4H,0.0642007548397617
221,low,61.0,0.2158720860561217,0.2003889412814122,2.0,275.0,152.0,4H,0.0637882219212994
222,low,55.0,0.2105419134934496,0.1949224347687859,1.0,54.0,148.0,4H,0.0626783008322744
223,close,199.0,0.2005084233745039,0.2035999498133121,6.0,52.0,87.0,4H,0.0625682266888008
224,close,198.0,0.1988358083769031,0.201952156102818,5.0,261.0,90.0,4H,0.0622249822339582
225,OHLC/4,291.0,0.250183627223803,0.23898923567951,6.0,33.0,54.0,4H,0.0620724764127484
226,HLCC/4,166.0,0.1990892739829003,0.1963990945038121,2.0,25.0,70.0,4H,0.0616755263886948
227,OHLC/4,295.0,0.2441125207696408,0.232875930723766,6.0,265.0,65.0,4H,0.0610367709770967
228,open,65.0,0.1904077858103241,0.1968228942093985,2.0,194.0,137.0,4H,0.0608093725541246
229,HLC/3,295.0,0.2422071200247949,0.230951971272635,5.0,495.0,75.0,4H,0.0607094348736794
230,open,78.0,0.1882934666854896,0.1943862548678362,1.0,175.0,140.0,4H,0.0603324115335967
231,high,82.0,0.1796128482244279,0.1995000185565909,5.0,214.0,131.0,4H,0.0599069482941443
232,open,271.0,0.2361132496919054,0.2249589982796154,4.0,317.0,66.0,4H,0.0596707147265285
233,OHLC/4,282.0,0.235558885440833,0.224283866189474,5.0,281.0,69.0,4H,0.0595642720652452
234,open,246.0,0.1422473834729226,0.1443922446328952,5.0,293.0,34.0,4H,0.0590014545201231
235,low,157.0,0.1853202302154176,0.182693445540963,3.0,121.0,72.0,4H,0.0587848863155542
236,high,42.0,0.071302136566645,0.1269267544772197,3.0,344.0,43.0,4H,0.0583928223098754
237,high,285.0,0.1611039965408938,0.2825283173686049,3.0,290.0,59.0,4H,0.0566773360721917
238,OHLC/4,88.0,0.2082388881577436,0.2149178692949607,2.0,389.0,89.0,4H,0.0563591954354117
239,close,283.0,0.2128429530020457,0.2015116913524905,2.0,447.0,66.0,4H,0.0555656635690518
240,open,198.0,0.1699958934904897,0.1613582234674341,1.0,391.0,78.0,4H,0.0548016449750304
241,close,114.0,0.1636072871900718,0.1595833378307068,1.0,334.0,69.0,4H,0.0539072461094258
242,close,175.0,0.1597303203663568,0.163432693364092,1.0,431.0,90.0,4H,0.0539046028101751
243,high,11.0,0.1124588850869129,0.0969505452290289,3.0,498.0,70.0,4H,0.0534429826831241
244,open,195.0,0.1106437433503575,0.098407037094793,6.0,476.0,33.0,4H,0.0534187454220607
245,close,196.0,0.1168224823442913,0.1283069331461999,2.0,78.0,47.0,4H,0.0531200960392482
246,HLCC/4,185.0,0.1065732551004505,0.1055583496800079,4.0,331.0,40.0,4H,0.0512988177338577
247,low,68.0,0.1424657075290036,0.1422209512279934,6.0,30.0,141.0,4H,0.0495383711801883
248,close,72.0,0.0918048632389691,0.0942513801965685,5.0,253.0,58.0,4H,0.049479710212014
249,low,70.0,0.1421202050062989,0.1419229699017576,1.0,143.0,152.0,4H,0.0494636987821631
250,high,193.0,0.0900761267507541,0.1341063293488394,1.0,201.0,42.0,4H,0.0494333063929766
251,OHLC/4,94.0,0.1189530845779162,0.1170560318217903,2.0,500.0,74.0,4H,0.0481156655634458
252,low,182.0,0.0925537745867562,0.0987067064555412,5.0,85.0,36.0,4H,0.0478601454442375
253,HL/2,112.0,0.1451500195236383,0.1419832929226438,4.0,25.0,65.0,4H,0.0435215924790161
254,HLCC/4,76.0,0.1110809955231187,0.1118460244739257,4.0,33.0,130.0,4H,0.0420859551970624
255,HLC/3,201.0,0.0558157880656963,0.0645885114812381,5.0,229.0,12.0,4H,0.0416211533671608
256,close,144.0,0.1060423965531597,0.1105655087318865,2.0,210.0,87.0,4H,0.0412809944724672
257,low,144.0,0.1106067940896448,0.1022841583711758,5.0,175.0,78.0,4H,0.0407925145384078
258,HL/2,170.0,0.0767855118449734,0.0776441960302281,2.0,465.0,46.0,4H,0.0390657434490556
259,HLC/3,55.0,0.0963665859317135,0.0971857204467805,6.0,495.0,157.0,4H,0.0383024652578588
260,HLC/3,140.0,0.0930481687814393,0.0978250813566045,4.0,396.0,77.0,4H,0.0379405043323253
261,OHLC/4,73.0,0.09354443979581,0.0946839889912835,2.0,106.0,127.0,4H,0.0375966017203118
262,HLCC/4,137.0,0.0915399767674866,0.0963356933786883,6.0,91.0,94.0,4H,0.0375419152779294
263,HLCC/4,94.0,0.0951285974724679,0.0913629003356568,1.0,193.0,65.0,4H,0.0373603331856597
264,OHLC/4,58.0,0.0868723795472717,0.0879102569938518,6.0,485.0,158.0,4H,0.0357841610046864
265,HLCC/4,127.0,0.0849172789606297,0.0822871756579251,2.0,213.0,67.0,4H,0.0347397342624821
266,low,17.0,0.0578417626119441,0.0904195874098515,1.0,365.0,157.0,4H,0.0347161328984532
267,close,291.0,0.0864673819807104,0.0772597812880362,6.0,65.0,42.0,4H,0.0342230736199672
268,close,65.0,0.080488049113962,0.0819520310199947,6.0,8.0,135.0,4H,0.0340785251298048
269,HLC/3,102.0,0.099283017917432,0.0961466951676306,3.0,202.0,73.0,4H,0.033673617473392
270,OHLC/4,88.0,0.0812982620217898,0.0775686469310357,4.0,258.0,66.0,4H,0.0335716671990254
271,close,125.0,0.0748045748909687,0.0798134237443271,5.0,227.0,83.0,4H,0.0329649015880032
272,HL/2,264.0,0.0587255335956591,0.0562632399775019,5.0,155.0,37.0,4H,0.0320885852391776
273,close,71.0,0.0496960802574424,0.0520709643985209,4.0,329.0,56.0,4H,0.031431588800346
274,high,160.0,0.0333453007583798,0.0767574990727866,5.0,117.0,41.0,4H,0.0313169097197568
275,OHLC/4,266.0,0.0579645496028028,0.051620146401056,2.0,68.0,41.0,4H,0.0310451597672406
276,HLC/3,174.0,0.0562799611449101,0.0598064567915777,5.0,307.0,110.0,4H,0.0299730278000811
277,close,171.0,0.055984412059577,0.0594639840234217,5.0,392.0,108.0,4H,0.0298632477502204
278,HLC/3,171.0,0.0510315134690543,0.0545114697090117,2.0,110.0,81.0,4H,0.0281279949662947
279,low,164.0,0.0540327727565797,0.0485255996817688,5.0,421.0,122.0,4H,0.0275786318557597
280,HLCC/4,34.0,0.036653285508313,0.0180298775377102,3.0,301.0,41.0,4H,0.0251249752610742
281,low,160.0,0.0471469207821928,0.0416318672969953,4.0,62.0,95.0,4H,0.0250412730483113
282,HLCC/4,165.0,0.0420126151561002,0.0454251881794849,4.0,387.0,106.0,4H,0.0248078320276186
283,HL/2,167.0,0.0396144665116573,0.0429001135818695,1.0,393.0,112.0,4H,0.0238671601295057
284,HLC/3,237.0,0.0361394094645224,0.0295607727001452,3.0,11.0,38.0,4H,0.0220241392661439
285,open,176.0,0.0260080375712185,0.0297020391936475,5.0,128.0,82.0,4H,0.0183510652420047
286,HLCC/4,155.0,0.0233819884333073,0.0266407660224976,5.0,91.0,90.0,4H,0.0170807149687134
287,HLC/3,98.0,0.0252655209494403,0.0311062309589998,6.0,202.0,97.0,4H,0.0167690695768104
288,HL/2,158.0,0.0226230156332858,0.025763827214976,1.0,337.0,107.0,4H,0.0167064286470028
289,close,152.0,0.0212407916644917,0.0244304265330153,2.0,457.0,114.0,4H,0.0160717775204475
290,low,145.0,0.0201577864287507,0.0146178779580037,2.0,292.0,120.0,4H,0.013308804721384
291,HL/2,85.0,0.0253558224958021,0.011665919208666,1.0,9.0,72.0,4H,0.0121073558174796
292,close,61.0,0.0094278462594381,0.0136631255641756,5.0,414.0,57.0,4H,0.01156239847711
293,HL/2,83.0,0.009514066076643,0.0156621056462716,2.0,477.0,76.0,4H,0.0096336128156677
294,HL/2,151.0,0.0088542493376415,0.0118825991333244,6.0,385.0,118.0,4H,0.0094417187663789
295,high,7.0,0.0005720675498535,0.1022144214588704,1.0,144.0,163.0,4H,0.0083621861171824
296,low,135.0,0.0044529611841784,0.0076905920913265,4.0,283.0,32.0,4H,0.0081829435719998
297,open,90.0,0.0139090007906446,0.0062063273818881,3.0,59.0,77.0,4H,0.0080308334821338
298,HLC/3,83.0,0.0060258754080387,0.0121656255712706,4.0,477.0,95.0,4H,0.0076050477991749
299,low,230.0,0.0070905483371692,0.0022161546092068,2.0,31.0,41.0,4H,0.0050094489460191
300,HL/2,147.0,0.0007856226367277,0.0037500970642131,5.0,32.0,104.0,4H,0.0028671395275064
301,OHLC/4,143.0,-0.0042994250281053,-0.0098556838478481,6.0,211.0,93.0,4H,-0.0069726153926621
302,close,46.0,-0.0045002462961675,-0.0048149138834754,1.0,75.0,48.0,4H,-0.0073063269765712
303,HLCC/4,19.0,-0.0020459715820561,-0.0129533006946708,6.0,329.0,27.0,4H,-0.0105255364683583
304,close,134.0,-0.014318411435885,-0.011391803467484,1.0,90.0,117.0,4H,-0.0109276246589517
305,high,150.0,-0.0238952199225167,-0.0125141017486367,6.0,249.0,98.0,4H,-0.0133741718784216
306,low,126.0,-0.0158858221671984,-0.0214466367203843,2.0,363.0,123.0,4H,-0.0139686025229288
307,open,148.0,-0.0232356829570477,-0.0196860889391511,2.0,14.0,106.0,4H,-0.0154099639937251
308,open,147.0,-0.0250984788611249,-0.0215527415722045,3.0,67.0,92.0,4H,-0.01629596074652
309,close,30.0,-0.0957102304973877,-0.0086515260892485,2.0,480.0,149.0,4H,-0.0170634735956673
310,open,146.0,-0.026966871408984,-0.0234248779232163,5.0,44.0,118.0,4H,-0.0171606063536619
311,HLC/3,131.0,-0.026960220744231,-0.0240913513382488,2.0,245.0,98.0,4H,-0.0173204111619704
312,close,125.0,-0.032629757766455,-0.0298240756265991,4.0,473.0,115.0,4H,-0.0198193896602261
313,close,36.0,-0.0460068197956802,-0.036826456357076,1.0,164.0,93.0,4H,-0.0216626274888902
314,OHLC/4,129.0,-0.0331536848110715,-0.0387163951886509,2.0,109.0,84.0,4H,-0.0217356301293031
315,HLCC/4,48.0,-0.0236449361953057,-0.0381401102866469,1.0,181.0,71.0,4H,-0.0221190826972328
316,HL/2,127.0,-0.0412846774695283,-0.0386283826909912,5.0,136.0,116.0,4H,-0.02336657912169
317,OHLC/4,127.0,-0.0373427479842327,-0.0429057999881909,1.0,12.0,100.0,4H,-0.0234029580891414
318,HLCC/4,67.0,-0.0414318692864916,-0.0553260827589241,2.0,39.0,69.0,4H,-0.0239591772304086
319,HLCC/4,47.0,-0.0282387542788418,-0.0426527670958857,6.0,129.0,74.0,4H,-0.024358918212355
320,high,138.0,-0.0494274484307381,-0.0383246942707812,1.0,215.0,124.0,4H,-0.0247464150424562
321,close,253.0,-0.0504297648613108,-0.0574135803200996,6.0,415.0,46.0,4H,-0.0285056218900783
322,HL/2,258.0,-0.0513934150991493,-0.058537789961168,2.0,134.0,42.0,4H,-0.0288720704566622
323,high,53.0,-0.1360880928873049,-0.0338285342725791,3.0,5.0,139.0,4H,-0.0302286106239149
324,high,167.0,-0.0770557396380651,-0.0469950649506457,1.0,269.0,38.0,4H,-0.0330840815414209
325,HLC/3,43.0,-0.0891310396285856,-0.102749978654969,6.0,494.0,90.0,4H,-0.0332116333395116
326,open,122.0,-0.072751063221698,-0.0692573267192525,3.0,104.0,81.0,4H,-0.0342871735163871
327,HL/2,112.0,-0.0736612195776436,-0.0712109010775753,4.0,407.0,115.0,4H,-0.0347502919602893
328,HL/2,167.0,-0.072924426440284,-0.0735976810675255,6.0,39.0,89.0,4H,-0.0350167401372523
329,HL/2,110.0,-0.077932510583402,-0.0755070056979969,6.0,421.0,114.0,4H,-0.0361076009515037
330,HLCC/4,232.0,-0.0747888238631667,-0.0822306773754312,2.0,250.0,43.0,4H,-0.036642648178471
331,low,92.0,-0.0761545299254119,-0.0817371142124923,2.0,318.0,121.0,4H,-0.0367904423633684
332,OHLC/4,106.0,-0.0810028902363065,-0.0865634600384727,4.0,437.0,106.0,4H,-0.0382802738932117
333,open,63.0,-0.0971546155377935,-0.0980233548908506,3.0,455.0,100.0,4H,-0.0385166124179392
334,open,216.0,-0.0998945098853397,-0.1020339115569896,2.0,273.0,94.0,4H,-0.0393984499377341
335,high,233.0,-0.0915363105280773,-0.0840691187268045,3.0,159.0,44.0,4H,-0.0394857109370707
336,open,219.0,-0.1004733824568264,-0.1025534947984393,5.0,406.0,140.0,4H,-0.0395412971988949
337,open,246.0,-0.1054792451466793,-0.1070341678111239,1.0,427.0,96.0,4H,-0.0407643229370812
338,HLCC/4,97.0,-0.0933970265628713,-0.090872044800851,6.0,221.0,124.0,4H,-0.0407960184216728
339,HL/2,71.0,-0.1066738682809967,-0.1076307596802128,3.0,7.0,95.0,4H,-0.040993522055402
340,open,252.0,-0.1065355965640811,-0.1079761516731735,6.0,95.0,93.0,4H,-0.0410195865961894
341,open,252.0,-0.1065355965640811,-0.1079761516731735,4.0,289.0,129.0,4H,-0.0410195865961894
342,OHLC/4,100.0,-0.0928247829658427,-0.0983838951692711,3.0,95.0,123.0,4H,-0.0418047837087116
343,OHLC/4,22.0,-0.0946695305844236,-0.1362557536805707,5.0,378.0,140.0,4H,-0.0426159435135491
344,HLCC/4,140.0,-0.1197256532370294,-0.1079547764555366,6.0,394.0,80.0,4H,-0.0426442135365199
345,OHLC/4,41.0,-0.0722490930621135,-0.0801049426476047,5.0,221.0,65.0,4H,-0.0432719616059441
346,HLCC/4,62.0,-0.1164992727706154,-0.1174392929294198,6.0,228.0,97.0,4H,-0.0434606246633104
347,open,232.0,-0.1166105143636707,-0.1183384763016078,2.0,57.0,88.0,4H,-0.043585126569578
348,low,194.0,-0.1170396601624711,-0.1196833630384658,5.0,419.0,120.0,4H,-0.0438032191886789
349,low,44.0,-0.0764026696400706,-0.0792294982697243,2.0,19.0,55.0,4H,-0.0439246009910391
350,HLC/3,59.0,-0.1191544594189303,-0.1200616714669863,5.0,102.0,88.0,4H,-0.0441118540750595
351,HLC/3,169.0,-0.085936171904887,-0.0843229919662304,3.0,327.0,36.0,4H,-0.0443031309365338
352,close,211.0,-0.1268641705825877,-0.1144742702508779,3.0,12.0,98.0,4H,-0.0443335701549826
353,low,211.0,-0.1198855092277522,-0.1221659349014194,4.0,360.0,91.0,4H,-0.0444586244873824
354,HLC/3,201.0,-0.1282284108594927,-0.115555706915563,4.0,396.0,127.0,4H,-0.0446315842659462
355,high,198.0,-0.1288157149034753,-0.1157420199225703,1.0,301.0,92.0,4H,-0.0447236306253618
356,HLCC/4,208.0,-0.1286311355361124,-0.115990402214221,4.0,5.0,111.0,4H,-0.0447342131534265
357,close,231.0,-0.1300679145985769,-0.1175245812661692,5.0,26.0,106.0,4H,-0.0450972486487248
358,HLCC/4,88.0,-0.1085652106851507,-0.1060862779700238,2.0,133.0,113.0,4H,-0.0451661729293196
359,HLCC/4,222.0,-0.1308858648463429,-0.1181370463102836,5.0,260.0,89.0,4H,-0.0452699521279529
360,HL/2,223.0,-0.1317992051531725,-0.1187585095922948,2.0,455.0,111.0,4H,-0.0454544346027777
361,high,215.0,-0.1321722648390355,-0.1189883895783316,1.0,26.0,92.0,4H,-0.0455266180266402
362,HLCC/4,193.0,-0.132004572884099,-0.1197636154399088,4.0,16.0,110.0,4H,-0.0456059711548151
363,OHLC/4,233.0,-0.1251587617574214,-0.1270020016396782,4.0,271.0,99.0,4H,-0.0456885832550802
364,HLCC/4,239.0,-0.1334759391119381,-0.1206062365311983,3.0,376.0,85.0,4H,-0.0458818936314202
365,low,260.0,-0.1270798484978097,-0.1283576524914034,5.0,161.0,128.0,4H,-0.0460839717278038
366,HLC/3,240.0,-0.134383749578411,-0.1214229025366858,6.0,158.0,93.0,4H,-0.0460892391108016
367,low,262.0,-0.1273386178445165,-0.1285771449898453,6.0,422.0,129.0,4H,-0.0461415012012869
368,HLCC/4,201.0,-0.1345730488196974,-0.1223163463943969,4.0,344.0,121.0,4H,-0.0462236902308986
369,close,264.0,-0.1349009048638388,-0.1221342170967486,3.0,216.0,115.0,4H,-0.0462382251448098
370,close,264.0,-0.1349009048638388,-0.1221342170967486,5.0,3.0,89.0,4H,-0.0462382251448098
371,high,238.0,-0.1363425752953313,-0.1230201823219367,2.0,422.0,123.0,4H,-0.0465142871774475
372,OHLC/4,260.0,-0.1292700705973728,-0.130573016089152,2.0,42.0,136.0,4H,-0.0466123384054525
373,HLC/3,257.0,-0.1367563240434691,-0.1236846475700975,1.0,14.0,116.0,4H,-0.0466449703808003
374,HLC/3,259.0,-0.1370220397996503,-0.1239377197501842,1.0,168.0,132.0,4H,-0.0467069734827523
375,high,243.0,-0.1371890715312138,-0.1238376387024045,3.0,346.0,124.0,4H,-0.0467133639663279
376,high,252.0,-0.1386580168746097,-0.1252550232382874,2.0,165.0,112.0,4H,-0.0470576745957988
377,HL/2,272.0,-0.1387268292728442,-0.1253821934169136,1.0,415.0,89.0,4H,-0.0470813807879346
378,high,269.0,-0.1412425352655639,-0.1277441721459623,1.0,81.0,139.0,4H,-0.0476598440567739
379,low,227.0,-0.1340748394817161,-0.1359396885623175,1.0,364.0,106.0,4H,-0.0478205906077518
380,high,277.0,-0.1423746036163218,-0.1288321117741485,3.0,105.0,98.0,4H,-0.0479221140070958
381,HLC/3,143.0,-0.1224153395851975,-0.1231431467121794,6.0,190.0,97.0,4H,-0.0494058859955505
382,HL/2,86.0,-0.1245724865710192,-0.1223660113109267,1.0,313.0,115.0,4H,-0.0495896421971846
383,HLC/3,246.0,-0.1506344076817825,-0.1383262338515155,2.0,364.0,79.0,4H,-0.0500026854315597
384,OHLC/4,146.0,-0.1224677449295153,-0.1276847235480382,5.0,37.0,101.0,4H,-0.0500130740796061
385,low,35.0,-0.1217192487967575,-0.1293252161817666,4.0,62.0,109.0,4H,-0.0501238191649131
386,open,160.0,-0.127195101055991,-0.1274465399650095,4.0,409.0,99.0,4H,-0.0506169695567007
387,HLCC/4,140.0,-0.1271005637276374,-0.1278211050996104,5.0,81.0,106.0,4H,-0.0506539531001249
388,open,86.0,-0.1317979415252585,-0.1281426422177276,6.0,494.0,121.0,4H,-0.0513133966012412
389,HL/2,5.0,-0.0229821885524353,-0.0285288824765547,4.0,194.0,4.0,4H,-0.0521246675621064
390,open,81.0,-0.1363980137973492,-0.1326879209306601,5.0,139.0,90.0,4H,-0.0525101357251407
391,open,47.0,-0.0971437945289309,-0.0948210232568283,2.0,443.0,69.0,4H,-0.0528218038206136
392,open,50.0,-0.1258945614163589,-0.1200492749456169,1.0,476.0,57.0,4H,-0.0566042776062151
393,high,56.0,-0.181533825124338,-0.1709968437673265,4.0,59.0,114.0,4H,-0.0628557790312357
394,close,186.0,-0.1801040736598159,-0.1821180541639272,3.0,426.0,106.0,4H,-0.0640209589180609
395,close,184.0,-0.1813928642812578,-0.1828642435258422,6.0,492.0,111.0,4H,-0.0642608293766644
396,OHLC/4,83.0,-0.1821737991707803,-0.1843102487922165,2.0,8.0,99.0,4H,-0.064522095347666
397,HLCC/4,182.0,-0.1845356500595995,-0.1849873701961014,3.0,297.0,96.0,4H,-0.064878995143449
398,HLCC/4,74.0,-0.1840976308210069,-0.1862120585671378,6.0,83.0,120.0,4H,-0.0649703683873599
399,HLC/3,185.0,-0.1852197325966448,-0.1867801521497621,3.0,489.0,113.0,4H,-0.0651682394118299
400,HLCC/4,181.0,-0.1865024660127366,-0.1869866919518019,2.0,295.0,111.0,4H,-0.0653424009196107
401,HLCC/4,71.0,-0.1879631307699368,-0.1900905097718596,2.0,406.0,110.0,4H,-0.0658730386608144
402,OHLC/4,113.0,-0.1898077322616887,-0.1950251202584778,2.0,386.0,91.0,4H,-0.0666548078212812
403,HLCC/4,67.0,-0.191958336474928,-0.194099665089315,3.0,171.0,113.0,4H,-0.0667996084579615
404,HLC/3,44.0,-0.2210980431302924,-0.2252266208816296,6.0,289.0,99.0,4H,-0.0668526494301392
405,HLCC/4,62.0,-0.1946474377257688,-0.196800321315238,3.0,59.0,122.0,4H,-0.0674199087595303
406,OHLC/4,38.0,-0.1940824933501828,-0.1975538801096893,2.0,16.0,120.0,4H,-0.0674404777141036
407,high,182.0,-0.2040294098177612,-0.1890866235929433,1.0,181.0,103.0,4H,-0.0675794296947205
408,OHLC/4,45.0,-0.1958974732078759,-0.2000327725511772,3.0,390.0,111.0,4H,-0.067931831744467
409,HLC/3,68.0,-0.1979034478941562,-0.200088895171906,2.0,114.0,117.0,4H,-0.0681692911283055
410,HL/2,6.0,-0.1505937658267437,-0.1523211544689905,2.0,311.0,92.0,4H,-0.0684802100809789
411,HLC/3,66.0,-0.1998489379158828,-0.2020427925518824,6.0,240.0,105.0,4H,-0.0686138409316681
412,HLC/3,56.0,-0.2027125381917708,-0.2049346943956737,6.0,81.0,123.0,4H,-0.0692673695791422
413,close,24.0,-0.0948928643060444,-0.0884638292779402,5.0,146.0,25.0,4H,-0.0695055942157136
414,OHLC/4,61.0,-0.2120539129456113,-0.2143031374219098,1.0,307.0,117.0,4H,-0.071370970498674
415,open,43.0,-0.2462159005443628,-0.246371663250272,5.0,233.0,102.0,4H,-0.0713979979414061
416,HL/2,123.0,-0.1210436428063868,-0.1211208827104382,1.0,10.0,16.0,4H,-0.0725066967697913
417,OHLC/4,51.0,-0.1769407646410639,-0.1821789111562129,2.0,205.0,73.0,4H,-0.0728622227767244
3,OHLC/4,51.0,-0.21907803136668416,-0.22320311258246978,2.0,24.0,142.0,4H,-0.07313574467165058
418,high,31.0,-0.2746139064627189,-0.1814953714583355,4.0,229.0,147.0,4H,-0.0736025208656675
419,HL/2,53.0,-0.2269523142010664,-0.2200421321199542,3.0,338.0,109.0,4H,-0.0736506892793775
420,open,108.0,-0.2267505122807637,-0.2263432131311808,6.0,98.0,90.0,4H,-0.074325056306818
421,HL/2,60.0,-0.2302864684773068,-0.2236412664770728,5.0,388.0,99.0,4H,-0.074410938704018
422,HLCC/4,43.0,-0.1572382142705932,-0.1588300727497183,1.0,263.0,54.0,4H,-0.0766045291680216
423,high,3.0,-0.4197078300568027,-0.270699058824227,4.0,325.0,149.0,4H,-0.0768831678649086
424,low,41.0,-0.1949337906313891,-0.1952191832993616,3.0,486.0,63.0,4H,-0.0770070148696586
425,open,96.0,-0.2404914439347766,-0.2397136256054263,2.0,379.0,91.0,4H,-0.0772610807966653
426,HLCC/4,39.0,-0.1528900155448411,-0.1937891362040566,5.0,489.0,58.0,4H,-0.0779727487942027
427,high,36.0,-0.2858425517210488,-0.2078020027387505,6.0,116.0,122.0,4H,-0.0780348976937069
428,high,41.0,-0.1919915404730163,-0.158674901926283,1.0,380.0,68.0,4H,-0.0786991614324517
429,high,54.0,-0.2694520244762345,-0.2645539803672,4.0,263.0,107.0,4H,-0.0829268647260552
430,HLC/3,46.0,-0.2177871317544837,-0.2213579475594003,2.0,144.0,82.0,4H,-0.0833238880792943
431,HL/2,23.0,-0.3195648544128458,-0.3271965540254962,6.0,244.0,124.0,4H,-0.0856064183339389
432,OHLC/4,103.0,-0.4046271131645956,-0.4121699105386375,3.0,121.0,79.0,4H,-0.0873769910883926
433,HLC/3,24.0,-0.2980642634267061,-0.3028255960480355,6.0,333.0,108.0,4H,-0.0897148135639994
434,OHLC/4,35.0,-0.3064259799507177,-0.3099996290399545,4.0,227.0,98.0,4H,-0.0912554718291382
435,HL/2,2.0,-0.2339892120679386,-0.2335330952064695,5.0,218.0,90.0,4H,-0.0914585058415193
436,HLCC/4,21.0,-0.3557764031487351,-0.3627224238059555,5.0,497.0,135.0,4H,-0.0918264084727629
437,open,24.0,-0.3377916413734396,-0.328688188512445,6.0,194.0,148.0,4H,-0.096126027390901
438,OHLC/4,22.0,-0.2772537021371479,-0.268585440997766,4.0,333.0,89.0,4H,-0.0963193823868343
439,low,33.0,-0.2793032255072681,-0.284021081436306,5.0,64.0,83.0,4H,-0.0983714919056332
440,HL/2,40.0,-0.3664272682813101,-0.3579951880057508,5.0,393.0,126.0,4H,-0.1016213563096699
441,close,22.0,-0.2760402768346174,-0.2731683178676919,5.0,432.0,78.0,4H,-0.1018224648879148
442,HLCC/4,38.0,-0.5243058040062033,-0.5128942938902871,4.0,31.0,179.0,4H,-0.1024607446907862
443,HL/2,45.0,-0.3881440448318549,-0.3797339663605209,5.0,292.0,131.0,4H,-0.1056462582533988
444,open,51.0,-0.4509174856271571,-0.4358655554760143,2.0,312.0,168.0,4H,-0.1056493815233333
445,open,42.0,-0.4664851436192242,-0.4524106732966408,5.0,327.0,174.0,4H,-0.1081867239484957
446,HLCC/4,13.0,-0.3917710643831045,-0.3242710218808771,4.0,328.0,130.0,4H,-0.1083045824195967
447,close,283.0,-0.5706280548938506,-0.5712359377843065,1.0,182.0,81.0,4H,-0.1092470062070322
448,close,292.0,-0.575186910265555,-0.5759089977716557,4.0,371.0,108.0,4H,-0.109835049413445
449,low,280.0,-0.5769625017727188,-0.5836952382289384,4.0,228.0,118.0,4H,-0.1104412321615207
450,HL/2,294.0,-0.5831298709763452,-0.583426498139532,6.0,483.0,143.0,4H,-0.1108163419731025
451,HL/2,296.0,-0.5841342936374131,-0.5844575580327449,2.0,308.0,82.0,4H,-0.1109452103947599
452,close,292.0,-0.5872445953447929,-0.5892720305869628,1.0,172.0,111.0,4H,-0.1114461190224261
453,low,300.0,-0.5866581447415947,-0.5933312548900848,4.0,291.0,109.0,4H,-0.1116642381856364
454,open,283.0,-0.5879574053637575,-0.5946254349698823,6.0,331.0,84.0,4H,-0.1118277995677815
455,low,3.0,-0.1984056328131184,-0.2081230248511024,3.0,392.0,46.0,4H,-0.1119741260185197
456,HLCC/4,10.0,-0.2618438454968819,-0.2250709255671508,6.0,186.0,48.0,4H,-0.1122512027381861
457,open,297.0,-0.5945202072215958,-0.6011476695417217,6.0,181.0,101.0,4H,-0.1126512270304767
458,HL/2,34.0,-0.4287411521342952,-0.4259316793033477,1.0,24.0,124.0,4H,-0.1134684267607892
459,HLC/3,37.0,-0.4407221229944941,-0.4457154471756522,4.0,330.0,151.0,4H,-0.1162619246113169
460,HLCC/4,35.0,-0.4416869782553485,-0.4466451983046572,6.0,204.0,140.0,4H,-0.1164275478685692
461,high,14.0,-0.2764903792728151,-0.2875627925174873,2.0,102.0,62.0,4H,-0.1167206159618656
462,HLCC/4,41.0,-0.4506244623804789,-0.4557321657908801,4.0,341.0,111.0,4H,-0.117997139105015
463,open,30.0,-0.3216019759291945,-0.3211482783336242,5.0,44.0,78.0,4H,-0.1182264810036929
464,HL/2,34.0,-0.3714325322574185,-0.3729920112590992,4.0,35.0,85.0,4H,-0.1184641397671006
465,close,39.0,-0.4732953507245658,-0.4412612126845793,5.0,347.0,119.0,4H,-0.118660450594623
466,close,49.0,-0.4837921554533638,-0.448632267611364,3.0,50.0,115.0,4H,-0.1201931651440577
467,HLCC/4,5.0,-0.7237414621076445,-0.6222662579652115,4.0,416.0,188.0,4H,-0.1216764598917354
468,HL/2,11.0,-0.4718507347246995,-0.4900212175565117,3.0,37.0,147.0,4H,-0.1227542402076619
469,high,22.0,-0.5734808295198003,-0.5496195547838423,4.0,119.0,132.0,4H,-0.1236642336131565
470,open,26.0,-0.3740462895946396,-0.3643331383312981,5.0,216.0,80.0,4H,-0.1240273183820443
471,OHLC/4,2.0,-0.9999999999997018,-0.9999999999996988,1.0,173.0,236.0,4H,-0.1259921049894621
472,open,228.0,-0.999999999999961,-0.9999999999999752,4.0,56.0,147.0,4H,-0.1259921049894846
475,open,53.0,-0.9999999999999848,-0.9999999999999896,6.0,27.0,358.0,4H,-0.1259921049894862
476,open,46.0,-0.9999999999999848,-0.9999999999999892,3.0,183.0,352.0,4H,-0.1259921049894862
473,open,50.0,-0.9999999999999848,-0.9999999999999896,3.0,383.0,392.0,4H,-0.1259921049894862
474,open,41.0,-0.9999999999999848,-0.9999999999999892,6.0,17.0,234.0,4H,-0.1259921049894862
477,low,8.0,-0.9999999999999886,-0.9999999999999876,3.0,123.0,293.0,4H,-0.1259921049894863
479,open,27.0,-0.9999999999999948,-0.9999999999999892,4.0,487.0,373.0,4H,-0.1259921049894866
478,open,27.0,-0.9999999999999948,-0.9999999999999892,1.0,364.0,299.0,4H,-0.1259921049894866
480,open,22.0,-0.999999999999996,-0.9999999999999906,4.0,294.0,192.0,4H,-0.1259921049894867
481,open,21.0,-0.9999999999999962,-0.9999999999999908,5.0,180.0,398.0,4H,-0.1259921049894868
8,HL/2,234.0,-0.9999999999999934,-0.9999999999999936,6.0,367.0,150.0,4H,-0.1259921049894868
482,close,290.0,-0.9999999999999956,-0.9999999999999952,1.0,156.0,148.0,4H,-0.1259921049894869
483,high,16.0,-0.9999999999999972,-0.999999999999995,6.0,491.0,286.0,4H,-0.125992104989487
484,high,17.0,-0.9999999999999972,-0.999999999999995,2.0,143.0,262.0,4H,-0.125992104989487
485,high,15.0,-0.9999999999999972,-0.9999999999999952,2.0,214.0,302.0,4H,-0.125992104989487
488,open,31.0,-0.9999999999999964,-1.0,6.0,57.0,231.0,4H,-0.1259921049894871
492,open,46.0,-0.9999999999999952,-1.0,4.0,459.0,414.0,4H,-0.1259921049894871
496,low,11.0,-0.9999999999999948,-1.0,2.0,441.0,185.0,4H,-0.1259921049894871
495,HL/2,13.0,-0.9999999999999948,-1.0,4.0,374.0,282.0,4H,-0.1259921049894871
494,open,33.0,-0.9999999999999964,-1.0,1.0,483.0,256.0,4H,-0.1259921049894871
493,HL/2,17.0,-0.9999999999999948,-0.9999999999999998,2.0,466.0,443.0,4H,-0.1259921049894871
497,open,19.0,-1.0,-0.9999999999999944,3.0,21.0,316.0,4H,-0.1259921049894871
491,OHLC/4,18.0,-0.9999999999999948,-1.0,2.0,389.0,428.0,4H,-0.1259921049894871
490,low,19.0,-0.9999999999999948,-1.0,4.0,447.0,205.0,4H,-0.1259921049894871
489,low,4.0,-0.9999999999999986,-0.9999999999999966,5.0,295.0,285.0,4H,-0.1259921049894871
487,HLCC/4,27.0,-1.0,-0.9999999999999964,4.0,214.0,184.0,4H,-0.1259921049894871
486,HL/2,17.0,-0.9999999999999948,-0.9999999999999998,3.0,166.0,309.0,4H,-0.1259921049894871
510,HLC/3,129.0,-0.9999999999999988,-0.9999999999999988,5.0,193.0,201.0,4H,-0.1259921049894872
512,HL/2,55.0,-0.999999999999999,-0.9999999999999988,2.0,142.0,168.0,4H,-0.1259921049894872
509,close,10.0,-1.0000000000000002,-0.999999999999998,3.0,120.0,269.0,4H,-0.1259921049894872
511,HLC/3,85.0,-0.9999999999999988,-0.999999999999999,6.0,382.0,161.0,4H,-0.1259921049894872
507,high,85.0,-0.9999999999999988,-0.9999999999999988,3.0,455.0,183.0,4H,-0.1259921049894872
513,high,26.0,-0.9999999999999976,-0.9999999999999998,6.0,132.0,171.0,4H,-0.1259921049894872
514,high,25.0,-0.9999999999999972,-0.9999999999999998,5.0,479.0,153.0,4H,-0.1259921049894872
515,HLC/3,124.0,-0.9999999999999988,-0.9999999999999988,4.0,422.0,152.0,4H,-0.1259921049894872
516,low,162.0,-0.9999999999999984,-0.9999999999999984,1.0,488.0,175.0,4H,-0.1259921049894872
508,open,113.0,-0.9999999999999986,-0.9999999999999988,6.0,263.0,163.0,4H,-0.1259921049894872
518,OHLC/4,174.0,-0.9999999999999984,-0.9999999999999984,5.0,88.0,203.0,4H,-0.1259921049894872
506,high,99.0,-0.9999999999999988,-0.999999999999999,2.0,50.0,213.0,4H,-0.1259921049894872
505,HL/2,142.0,-0.9999999999999988,-0.9999999999999986,6.0,436.0,204.0,4H,-0.1259921049894872
504,low,101.0,-0.9999999999999988,-0.9999999999999988,4.0,398.0,203.0,4H,-0.1259921049894872
503,HL/2,79.0,-0.9999999999999988,-0.999999999999999,4.0,268.0,169.0,4H,-0.1259921049894872
502,HL/2,142.0,-0.9999999999999988,-0.9999999999999986,3.0,198.0,177.0,4H,-0.1259921049894872
501,high,121.0,-0.9999999999999988,-0.9999999999999988,1.0,42.0,149.0,4H,-0.1259921049894872
500,HLCC/4,170.0,-0.9999999999999984,-0.9999999999999982,2.0,239.0,193.0,4H,-0.1259921049894872
499,OHLC/4,157.0,-0.9999999999999986,-0.9999999999999984,4.0,354.0,207.0,4H,-0.1259921049894872
498,HLCC/4,142.0,-0.9999999999999988,-0.9999999999999988,3.0,471.0,187.0,4H,-0.1259921049894872
517,close,165.0,-0.9999999999999984,-0.9999999999999984,3.0,197.0,209.0,4H,-0.1259921049894872
0,HL/2,63.0,-0.999999999999999,-0.999999999999999,2.0,271.0,204.0,4H,-0.12599210498948726
519,high,174.0,-1.0,-1.0,4.0,318.0,180.0,4H,-0.1259921049894873
558,OHLC/4,120.0,-1.0,-1.0,2.0,73.0,151.0,4H,-0.1259921049894873
547,high,82.0,-1.0,-1.0,2.0,55.0,194.0,4H,-0.1259921049894873
548,OHLC/4,159.0,-1.0,-1.0,3.0,448.0,148.0,4H,-0.1259921049894873
549,OHLC/4,153.0,-1.0,-1.0,5.0,113.0,184.0,4H,-0.1259921049894873
551,HL/2,174.0,-1.0,-1.0,3.0,254.0,199.0,4H,-0.1259921049894873
552,open,96.0,-1.0,-1.0,5.0,410.0,166.0,4H,-0.1259921049894873
553,high,59.0,-1.0,-1.0,1.0,129.0,191.0,4H,-0.1259921049894873
554,high,100.0,-1.0,-1.0,6.0,448.0,178.0,4H,-0.1259921049894873
555,HLC/3,12.0,-1.0,-1.0,1.0,367.0,348.0,4H,-0.1259921049894873
556,HLCC/4,102.0,-1.0,-1.0,2.0,422.0,205.0,4H,-0.1259921049894873
557,OHLC/4,167.0,-1.0,-1.0,4.0,130.0,151.0,4H,-0.1259921049894873
559,close,123.0,-0.9999999999999998,-1.0,3.0,382.0,168.0,4H,-0.1259921049894873
545,high,149.0,-1.0,-1.0,4.0,232.0,165.0,4H,-0.1259921049894873
560,close,31.0,-0.9999999999999996,-0.9999999999999996,5.0,66.0,169.0,4H,-0.1259921049894873
561,close,115.0,-1.0000000000000002,-1.0,5.0,223.0,165.0,4H,-0.1259921049894873
562,HLCC/4,81.0,-1.0,-1.0,5.0,443.0,201.0,4H,-0.1259921049894873
563,close,161.0,-1.0,-1.0,3.0,190.0,203.0,4H,-0.1259921049894873
564,close,72.0,-1.0,-0.9999999999999998,5.0,366.0,180.0,4H,-0.1259921049894873
565,HLCC/4,76.0,-0.9999999999999998,-1.0,2.0,208.0,183.0,4H,-0.1259921049894873
566,open,127.0,-1.0,-1.0,4.0,72.0,208.0,4H,-0.1259921049894873
567,OHLC/4,70.0,-1.0,-1.0,4.0,194.0,212.0,4H,-0.1259921049894873
568,high,172.0,-1.0,-1.0,6.0,490.0,156.0,4H,-0.1259921049894873
520,close,101.0,-1.0,-1.0,4.0,212.0,210.0,4H,-0.1259921049894873
546,close,67.0,-1.0,-1.0,6.0,374.0,155.0,4H,-0.1259921049894873
550,HLCC/4,10.0,-1.0,-1.0,3.0,154.0,343.0,4H,-0.1259921049894873
544,high,13.0,-1.0000000000000009,-0.9999999999999992,6.0,438.0,444.0,4H,-0.1259921049894873
532,HL/2,185.0,-1.0,-1.0,5.0,246.0,157.0,4H,-0.1259921049894873
521,HLC/3,52.0,-1.0,-1.0,3.0,495.0,176.0,4H,-0.1259921049894873
522,HLC/3,166.0,-1.0,-1.0,6.0,480.0,175.0,4H,-0.1259921049894873
523,HLC/3,3.0,-0.9999999999999982,-1.0000000000000018,2.0,47.0,369.0,4H,-0.1259921049894873
524,open,90.0,-1.0,-1.0,2.0,246.0,187.0,4H,-0.1259921049894873
525,HLCC/4,114.0,-1.0,-1.0,2.0,159.0,200.0,4H,-0.1259921049894873
526,OHLC/4,51.0,-0.9999999999999972,-1.0000000000000024,6.0,195.0,169.0,4H,-0.1259921049894873
543,close,90.0,-1.0,-0.9999999999999998,5.0,54.0,177.0,4H,-0.1259921049894873
528,HLCC/4,70.0,-1.0,-1.0,5.0,177.0,188.0,4H,-0.1259921049894873
529,HLC/3,52.0,-1.0,-1.0,2.0,91.0,178.0,4H,-0.1259921049894873
530,OHLC/4,290.0,-1.0,-0.9999999999999998,2.0,207.0,155.0,4H,-0.1259921049894873
531,HLC/3,102.0,-1.0,-1.0,6.0,52.0,160.0,4H,-0.1259921049894873
527,HLCC/4,154.0,-1.0,-1.0,6.0,475.0,180.0,4H,-0.1259921049894873
533,close,124.0,-1.0,-1.0,3.0,351.0,148.0,4H,-0.1259921049894873
535,HL/2,59.0,-1.0,-1.0,5.0,191.0,196.0,4H,-0.1259921049894873
536,close,92.0,-0.9999999999999998,-1.0,1.0,462.0,198.0,4H,-0.1259921049894873
537,close,86.0,-1.0,-1.0,2.0,18.0,199.0,4H,-0.1259921049894873
538,close,175.0,-1.0,-1.0000000000000002,1.0,425.0,207.0,4H,-0.1259921049894873
539,HL/2,108.0,-1.0,-1.0,4.0,43.0,192.0,4H,-0.1259921049894873
540,high,117.0,-1.0,-1.0,3.0,244.0,186.0,4H,-0.1259921049894873
541,low,137.0,-1.0,-1.0,6.0,89.0,164.0,4H,-0.1259921049894873
534,HLCC/4,74.0,-1.0,-1.0,1.0,174.0,207.0,4H,-0.1259921049894873
542,HLC/3,104.0,-1.0,-1.0,3.0,170.0,179.0,4H,-0.1259921049894873
590,high,151.0,-1.0000000000000016,-1.0000000000000016,4.0,80.0,172.0,4H,-0.1259921049894874
585,HLC/3,82.0,-1.0000000000000009,-1.0000000000000009,5.0,196.0,200.0,4H,-0.1259921049894874
586,HLCC/4,66.0,-1.000000000000001,-1.0000000000000009,4.0,72.0,178.0,4H,-0.1259921049894874
587,open,76.0,-1.000000000000001,-1.0000000000000009,5.0,436.0,197.0,4H,-0.1259921049894874
588,low,147.0,-1.0000000000000016,-1.0000000000000016,1.0,484.0,150.0,4H,-0.1259921049894874
589,high,43.0,-0.999999999999998,-1.0000000000000036,6.0,484.0,189.0,4H,-0.1259921049894874
594,HLCC/4,256.0,-0.9999999999999792,-1.0000000000000242,4.0,208.0,147.0,4H,-0.1259921049894874
591,low,126.0,-1.000000000000001,-1.000000000000001,1.0,46.0,178.0,4H,-0.1259921049894874
592,HLCC/4,160.0,-1.0000000000000016,-1.0000000000000016,1.0,136.0,200.0,4H,-0.1259921049894874
593,OHLC/4,13.0,-0.9999999999999964,-1.0000000000000056,3.0,342.0,431.0,4H,-0.1259921049894874
595,HLCC/4,63.0,-1.0000000000000009,-1.0000000000000009,6.0,477.0,176.0,4H,-0.1259921049894874
583,HLCC/4,101.0,-1.0000000000000009,-1.000000000000001,4.0,352.0,193.0,4H,-0.1259921049894874
584,open,95.0,-1.000000000000001,-1.000000000000001,2.0,499.0,173.0,4H,-0.1259921049894874
573,HLC/3,93.0,-1.000000000000001,-1.000000000000001,5.0,137.0,156.0,4H,-0.1259921049894874
582,HLCC/4,134.0,-1.000000000000001,-1.000000000000001,2.0,112.0,162.0,4H,-0.1259921049894874
575,open,58.0,-1.000000000000001,-1.000000000000001,3.0,428.0,192.0,4H,-0.1259921049894874
569,low,119.0,-1.000000000000001,-1.000000000000001,1.0,422.0,200.0,4H,-0.1259921049894874
571,low,159.0,-1.0000000000000016,-1.0000000000000018,3.0,381.0,167.0,4H,-0.1259921049894874
572,low,145.0,-1.0000000000000016,-1.000000000000001,3.0,306.0,194.0,4H,-0.1259921049894874
574,HLCC/4,173.0,-1.0000000000000016,-1.0000000000000016,3.0,336.0,177.0,4H,-0.1259921049894874
570,HLC/3,74.0,-1.000000000000001,-1.0000000000000009,1.0,79.0,175.0,4H,-0.1259921049894874
576,high,184.0,-1.0000000000000018,-1.000000000000002,3.0,324.0,165.0,4H,-0.1259921049894874
577,close,85.0,-1.000000000000001,-1.000000000000001,6.0,459.0,197.0,4H,-0.1259921049894874
578,high,170.0,-1.0000000000000018,-1.0000000000000016,3.0,101.0,165.0,4H,-0.1259921049894874
579,open,148.0,-1.0000000000000016,-1.0000000000000016,5.0,272.0,197.0,4H,-0.1259921049894874
580,HL/2,113.0,-1.000000000000001,-1.000000000000001,6.0,171.0,183.0,4H,-0.1259921049894874
581,low,128.0,-1.000000000000001,-1.000000000000001,3.0,69.0,158.0,4H,-0.1259921049894874
596,OHLC/4,300.0,-1.000000000000003,-1.000000000000003,1.0,477.0,158.0,4H,-0.1259921049894876
597,low,17.0,-1.0000000000000018,-1.0000000000000069,6.0,429.0,338.0,4H,-0.1259921049894877
598,OHLC/4,14.0,-1.0,-1.000000000000009,4.0,14.0,368.0,4H,-0.1259921049894877
599,HLCC/4,291.0,-1.0000000000000044,-1.0000000000000044,6.0,116.0,148.0,4H,-0.1259921049894877
600,low,57.0,-1.000000000000027,-0.9999999999999852,6.0,70.0,183.0,4H,-0.1259921049894878
601,high,8.0,-1.0000000000000064,-1.0000000000000049,6.0,231.0,491.0,4H,-0.1259921049894878
602,low,52.0,-1.0000000000000269,-0.999999999999985,4.0,107.0,202.0,4H,-0.1259921049894878
603,open,48.0,-1.0000000000000056,-1.0000000000000109,2.0,4.0,324.0,4H,-0.125992104989488
604,open,42.0,-1.000000000000006,-1.0000000000000109,2.0,474.0,227.0,4H,-0.125992104989488
606,HLC/3,6.0,-1.0000000000000135,-1.00000000000001,3.0,69.0,268.0,4H,-0.1259921049894883
605,HL/2,4.0,-1.0000000000000115,-1.000000000000012,4.0,111.0,465.0,4H,-0.1259921049894883
607,HLCC/4,7.0,-1.0000000000000169,-1.0000000000000135,4.0,340.0,221.0,4H,-0.1259921049894886
608,HL/2,250.0,-0.9999999999999968,-1.0000000000000415,1.0,481.0,153.0,4H,-0.1259921049894889
609,HL/2,10.0,-1.0000000000000258,-1.0000000000000246,2.0,456.0,230.0,4H,-0.1259921049894894
610,low,3.0,-1.0000000000000362,-1.0000000000000289,2.0,289.0,259.0,4H,-0.12599210498949
611,HLC/3,17.0,-1.0000000000000355,-1.0000000000000355,5.0,186.0,331.0,4H,-0.1259921049894903
612,HLCC/4,14.0,-0.6145419530378814,-0.561066311237654,5.0,124.0,144.0,4H,-0.1274204085114289
613,high,53.0,-0.5302415622352984,-0.4913113883758168,4.0,393.0,100.0,4H,-0.1277341026691984
614,HLCC/4,30.0,-0.2350197421184789,-0.2434633018841623,5.0,205.0,25.0,4H,-0.1295509145635709
615,high,9.0,-0.7442499716212321,-0.7421155275567631,6.0,54.0,190.0,4H,-0.1302417167779509
616,OHLC/4,22.0,-0.3348129095795853,-0.3448321526884795,3.0,145.0,59.0,4H,-0.1321741870750898
617,open,25.0,-0.3931959681892826,-0.3807712132029727,3.0,474.0,73.0,4H,-0.1391602572561713
618,open,48.0,-0.8170199570118021,-0.8512207334457285,2.0,368.0,195.0,4H,-0.1406408934067261
619,HL/2,15.0,-0.6855466771772476,-0.7136113248067634,1.0,87.0,143.0,4H,-0.1431803230752929
620,HLCC/4,18.0,-0.5056136336587582,-0.4918644721804595,1.0,365.0,85.0,4H,-0.1439732556518205
621,low,12.0,-0.8942985654308525,-0.8752792339168733,3.0,448.0,155.0,4H,-0.1462950786576712
622,close,5.0,-0.783147551641857,-0.6728258115283439,6.0,303.0,152.0,4H,-0.1467683785354188
623,close,27.0,-0.4288291658862598,-0.4338220122188015,2.0,163.0,59.0,4H,-0.1496084539386082
624,HLCC/4,5.0,-0.2917688242079361,-0.280571757270088,4.0,417.0,28.0,4H,-0.1555775362720772
625,HLCC/4,3.0,-0.980111427137538,-0.9866239922175388,3.0,339.0,272.0,4H,-0.1569744748182558
626,close,16.0,-0.5611154942565357,-0.5665655551557094,3.0,135.0,71.0,4H,-0.1644915103096561
