,StochAstic_k,StochAstic_d,StochAstic_smooth_k,StochAstic_mamod,StochAstic_column_div,corr_low,corr_high,Divergence_diff_extereme,Divergence_num_exteremes_min,Divergence_num_exteremes_max,frequency,score
10,431.0,204.0,3.0,wma,StochAstic_k,0.5657196909695638,0.5578697961119675,5.0,113.0,2.0,4H,0.3138966927534922
11,740.0,236.0,2.0,wma,StochAstic_k,0.9019658246620148,0.900877991695092,6.0,405.0,9.0,4H,0.2614726370172586
12,486.0,41.0,4.0,wma,StochAstic_k,0.4368040775324534,0.4375454360589821,4.0,431.0,2.0,4H,0.2229697491151322
13,777.0,498.0,6.0,sma,StochAstic_k,0.940823955020598,0.937789601911582,5.0,401.0,9.0,4H,0.2195828117714172
14,832.0,332.0,3.0,ema,StochAstic_k,0.9286224783204884,0.9248562979378996,4.0,154.0,9.0,4H,0.2047879900153071
15,837.0,98.0,14.0,sma,StochAstic_k,0.8144345356978803,0.8132235728973601,1.0,457.0,10.0,4H,0.1995641203693046
16,445.0,13.0,25.0,sma,StochAstic_k,0.470488075727586,0.4642243887880737,4.0,369.0,4.0,4H,0.1988503493284269
17,843.0,59.0,2.0,ema,StochAstic_k,0.8888137857742417,0.8758479095421696,4.0,309.0,27.0,4H,0.1981891278837501
18,808.0,509.0,6.0,ema,StochAstic_k,0.7836789983958448,0.7909966942105109,1.0,241.0,7.0,4H,0.195208192848761
19,815.0,443.0,34.0,wma,StochAstic_k,0.6175799729716926,0.6178258188267648,1.0,332.0,4.0,4H,0.1900832815407964
20,695.0,52.0,10.0,ema,StochAstic_d,0.8331639554282362,0.814443646234104,2.0,358.0,4.0,4H,0.1893202942918525
21,665.0,26.0,13.0,ema,StochAstic_k,0.7908168076904889,0.7906390852252497,2.0,188.0,20.0,4H,0.1842261983999163
22,496.0,345.0,22.0,ema,StochAstic_k,0.5832226971730112,0.5741235357219755,1.0,20.0,7.0,4H,0.1819857673756988
23,273.0,76.0,18.0,wma,StochAstic_d,0.633484988421751,0.6235572833458846,4.0,71.0,4.0,4H,0.1768398915803755
24,429.0,349.0,42.0,wma,StochAstic_k,0.9385692234425724,0.9675483726554394,2.0,419.0,44.0,4H,0.175966534922976
25,681.0,677.0,10.0,sma,StochAstic_k,0.5016366681652559,0.499544717231773,4.0,444.0,6.0,4H,0.1711319951538209
26,654.0,39.0,39.0,sma,StochAstic_k,0.7773166138082112,0.7933584477589473,4.0,32.0,12.0,4H,0.1702364140628693
27,448.0,422.0,47.0,wma,StochAstic_k,0.4585681565902572,0.4450195932214273,4.0,247.0,2.0,4H,0.1698236180776535
28,720.0,197.0,34.0,ema,StochAstic_k,0.8954620057958147,0.8955258888856117,5.0,435.0,10.0,4H,0.1688206312361098
29,735.0,575.0,27.0,ema,StochAstic_k,0.6156423296763627,0.5985107416396722,1.0,490.0,5.0,4H,0.1641322372851467
30,433.0,155.0,32.0,ema,StochAstic_k,0.987912248265776,0.9853266483478964,5.0,392.0,57.0,4H,0.1573208182535127
31,835.0,25.0,41.0,ema,StochAstic_k,0.4815799461652321,0.502446213136281,3.0,105.0,3.0,4H,0.1570215709251344
32,785.0,582.0,2.0,wma,StochAstic_d,0.9617662761029264,0.9394588601500024,4.0,413.0,7.0,4H,0.1534625584342813
33,762.0,63.0,27.0,wma,StochAstic_k,0.636534509020808,0.6485446055381582,2.0,288.0,20.0,4H,0.1489191666491161
34,838.0,360.0,48.0,sma,StochAstic_k,0.9058985190886608,0.9014699802762398,1.0,243.0,20.0,4H,0.1483759809896877
35,776.0,91.0,25.0,wma,StochAstic_k,0.8926898365932628,0.8816856626532197,4.0,12.0,46.0,4H,0.1465631487473412
36,384.0,43.0,22.0,ema,StochAstic_d,0.59198277215113,0.648388084162441,6.0,417.0,33.0,4H,0.1453487696866501
37,568.0,118.0,10.0,sma,StochAstic_k,0.5021826144183811,0.4993322532794346,6.0,141.0,13.0,4H,0.1443701849651173
38,699.0,48.0,34.0,wma,StochAstic_k,0.6918275192186103,0.6798675673073578,1.0,242.0,15.0,4H,0.1413159348409575
39,303.0,83.0,7.0,wma,StochAstic_k,0.2070720207088553,0.2089990518434224,1.0,476.0,5.0,4H,0.1374481807509337
40,499.0,293.0,46.0,wma,StochAstic_d,0.8169663242312786,0.7806185530747124,5.0,243.0,46.0,4H,0.1366367966663722
41,34.0,28.0,32.0,ema,StochAstic_k,0.7961954687491469,0.7993584392835589,4.0,43.0,328.0,4H,0.1365443556791318
42,872.0,801.0,30.0,wma,StochAstic_k,0.4045844662488866,0.4536516360171385,4.0,437.0,3.0,4H,0.1301080927457972
43,238.0,76.0,25.0,sma,StochAstic_d,0.3985321372013806,0.3906937638816907,4.0,131.0,12.0,4H,0.1296609764002008
44,446.0,243.0,50.0,sma,StochAstic_k,0.2816679025372461,0.27463880917121,6.0,327.0,3.0,4H,0.1262285339855023
45,102.0,30.0,13.0,wma,StochAstic_d,0.3881003094979357,0.4016976957885489,2.0,191.0,100.0,4H,0.123218199525456
46,738.0,234.0,6.0,wma,StochAstic_k,0.6828406690060469,0.65974246737723,6.0,124.0,27.0,4H,0.121688985444483
47,133.0,24.0,9.0,wma,StochAstic_d,0.5382542591972092,0.5328496924392326,1.0,14.0,122.0,4H,0.119834301369919
48,661.0,79.0,46.0,wma,StochAstic_k,0.6401947848308657,0.6682067719351852,2.0,341.0,22.0,4H,0.1196082121128561
49,402.0,292.0,38.0,sma,StochAstic_k,0.5347518829887459,0.5047074375377533,5.0,30.0,24.0,4H,0.117430549342486
50,743.0,301.0,6.0,ema,StochAstic_k,0.6350989724021544,0.6313937705518429,1.0,114.0,68.0,4H,0.1170578558049158
51,296.0,35.0,40.0,wma,StochAstic_d,0.3977537434324796,0.4001464306876487,3.0,477.0,33.0,4H,0.1167556056476122
52,98.0,18.0,16.0,wma,StochAstic_d,0.3180963591065427,0.3162793863297219,1.0,240.0,86.0,4H,0.1064805479258867
53,265.0,68.0,29.0,sma,StochAstic_d,0.4307639802941184,0.424509318496629,4.0,262.0,9.0,4H,0.103139721218269
54,369.0,202.0,21.0,sma,StochAstic_d,0.515801332375822,0.5268700338201654,5.0,315.0,8.0,4H,0.1028210378288972
55,166.0,23.0,40.0,wma,StochAstic_k,0.4142700349587623,0.404832652749065,6.0,21.0,72.0,4H,0.1002082401673504
56,554.0,356.0,10.0,ema,StochAstic_k,0.2461823019112466,0.2419501970807034,3.0,482.0,14.0,4H,0.0941247021012729
57,304.0,39.0,47.0,sma,StochAstic_d,0.2309671874577026,0.1187559591115448,4.0,418.0,2.0,4H,0.0759932864520612
58,162.0,26.0,27.0,wma,StochAstic_d,0.2500202661557394,0.2264653608982606,4.0,312.0,96.0,4H,0.0697765376572658
59,430.0,356.0,40.0,sma,StochAstic_k,0.2343450971856132,0.2343243028966252,6.0,290.0,20.0,4H,0.0690676721236281
60,193.0,26.0,13.0,sma,StochAstic_d,0.1930489234356367,0.2027984868867025,5.0,5.0,77.0,4H,0.0617013190193817
61,50.0,25.0,23.0,ema,StochAstic_d,0.0761498710140507,0.0839243332864602,4.0,486.0,10.0,4H,0.0601190343630551
62,421.0,157.0,44.0,ema,StochAstic_k,0.1708486515579388,0.1280832394512507,3.0,404.0,13.0,4H,0.0559411360618081
63,541.0,35.0,35.0,sma,StochAstic_k,0.083494588644698,0.0828416020160499,6.0,397.0,6.0,4H,0.0410489707994089
64,610.0,142.0,10.0,wma,StochAstic_k,0.0591431408062934,0.0832554214345943,4.0,161.0,45.0,4H,0.0270059193474321
65,486.0,164.0,2.0,ema,StochAstic_d,0.0552602217325999,0.0781631714802266,3.0,469.0,20.0,4H,0.0258518481166583
66,119.0,43.0,15.0,sma,StochAstic_d,0.0412180292455171,0.0275347365034486,4.0,384.0,30.0,4H,0.0238808509475332
67,288.0,26.0,9.0,ema,StochAstic_k,0.0541828910062164,0.0546417062660667,1.0,474.0,84.0,4H,0.0227937338248662
68,50.0,9.0,15.0,sma,StochAstic_k,0.0352975848894859,0.036009165156936,3.0,174.0,157.0,4H,0.0216645335916663
69,848.0,529.0,13.0,wma,StochAstic_k,0.0162372314004144,0.1183757279514233,6.0,184.0,26.0,4H,0.0197368668530564
70,302.0,135.0,10.0,wma,StochAstic_k,0.0012585273414928,0.005503956823551,1.0,338.0,76.0,4H,0.0030259788502319
71,293.0,183.0,6.0,ema,StochAstic_k,-0.0037260424444969,-0.034505980915698,6.0,484.0,71.0,4H,-0.009171305114883
72,298.0,7.0,6.0,sma,StochAstic_d,-0.0817455137859122,-0.0539377779107716,6.0,31.0,108.0,4H,-0.0260298894284834
73,792.0,173.0,36.0,sma,StochAstic_k,-0.262567640572775,-0.0229082432791427,5.0,281.0,21.0,4H,-0.028868950321422
74,121.0,35.0,24.0,ema,StochAstic_d,-0.1477011514104997,-0.1543610874539529,2.0,288.0,123.0,4H,-0.04501188844737
75,170.0,56.0,37.0,sma,StochAstic_k,-0.1803245008078927,-0.2295733704664219,6.0,125.0,104.0,4H,-0.0549134521679191
76,82.0,6.0,2.0,sma,StochAstic_d,-0.0986167885220606,-0.0910161749195143,2.0,232.0,53.0,4H,-0.0564113479046484
77,371.0,103.0,5.0,wma,StochAstic_k,-0.2080465585794234,-0.195255929825528,1.0,138.0,55.0,4H,-0.0687519338432586
78,233.0,50.0,25.0,sma,StochAstic_d,-0.2412660924326953,-0.2106880291707282,3.0,30.0,45.0,4H,-0.0740870062663882
79,436.0,129.0,38.0,ema,StochAstic_k,-0.4350129498074401,-0.240096145131377,3.0,157.0,43.0,4H,-0.0747565277654925
80,420.0,230.0,37.0,sma,StochAstic_k,-0.3085123259082631,-0.3437104517497868,2.0,322.0,61.0,4H,-0.0751349064435288
81,211.0,13.0,3.0,wma,StochAstic_k,-0.1630286767170609,-0.1661181881586902,5.0,136.0,45.0,4H,-0.0756717406346716
82,232.0,59.0,22.0,sma,StochAstic_k,-0.2924151137657249,-0.2973589009891881,4.0,282.0,53.0,4H,-0.0805027413735119
83,108.0,57.0,23.0,wma,StochAstic_d,-0.2726913809913116,-0.2591441989633596,2.0,265.0,248.0,4H,-0.0826864404695155
84,361.0,16.0,5.0,ema,StochAstic_d,-0.3767082652991305,-0.3788974621582502,6.0,107.0,61.0,4H,-0.0829587651558446
85,500.0,258.0,20.0,wma,StochAstic_k,-0.2937624868860281,-0.3510544633145543,4.0,194.0,13.0,4H,-0.0852132955996394
86,109.0,20.0,39.0,wma,StochAstic_d,-0.4107152864065536,-0.4558906340002557,3.0,93.0,231.0,4H,-0.0908142170021049
87,50.0,26.0,39.0,wma,StochAstic_k,-0.1663845629506162,-0.2013394176211448,6.0,273.0,42.0,4H,-0.0955003717407848
88,108.0,34.0,47.0,ema,StochAstic_k,-0.3908715985973751,-0.3738435040934881,4.0,180.0,171.0,4H,-0.0957102391449876
89,202.0,144.0,5.0,wma,StochAstic_k,-0.2935105465649081,-0.3082517411720357,4.0,168.0,53.0,4H,-0.0967185439583608
90,795.0,129.0,22.0,sma,StochAstic_d,-0.4573502491118266,-0.4959832912192191,3.0,67.0,83.0,4H,-0.0968111366467825
91,458.0,93.0,10.0,sma,StochAstic_k,-0.2802174187782054,-0.5582581048159105,4.0,74.0,45.0,4H,-0.0979100198264188
92,459.0,86.0,18.0,wma,StochAstic_d,-0.4808532008794314,-0.5018960422167137,1.0,226.0,12.0,4H,-0.098831508580021
93,454.0,381.0,19.0,sma,StochAstic_k,-0.437511965265834,-0.2816635095361963,2.0,22.0,26.0,4H,-0.0995260655701978
94,43.0,34.0,3.0,sma,StochAstic_d,-0.1457792063271066,-0.1489401029162358,3.0,43.0,4.0,4H,-0.1013871284361688
95,110.0,79.0,39.0,sma,StochAstic_k,-0.1595891603559512,-0.1664857117232074,4.0,99.0,8.0,4H,-0.1020501034701891
96,95.0,44.0,12.0,sma,StochAstic_d,-0.456999832237828,-0.4296019281652268,1.0,171.0,295.0,4H,-0.1056114902808807
97,504.0,132.0,18.0,sma,StochAstic_d,-0.5190295117346524,-0.575008723079538,6.0,499.0,75.0,4H,-0.1060821123319262
98,408.0,6.0,34.0,wma,StochAstic_d,-0.5975696796081569,-0.5570029323048564,6.0,455.0,43.0,4H,-0.1100108048668239
99,165.0,106.0,38.0,sma,StochAstic_d,-0.3757661361504559,-0.4576724716249605,3.0,234.0,13.0,4H,-0.1112211733323902
100,320.0,207.0,11.0,ema,StochAstic_k,-0.4144775412500294,-0.4195867153110169,4.0,282.0,35.0,4H,-0.1116359930030316
101,148.0,9.0,7.0,wma,StochAstic_d,-0.8229855772933407,-0.4226386177721298,1.0,281.0,67.0,4H,-0.1116367361955876
102,400.0,298.0,9.0,ema,StochAstic_k,-0.3759931359303984,-0.3910488521797698,6.0,320.0,38.0,4H,-0.113711305080667
103,343.0,248.0,45.0,sma,StochAstic_k,-0.595509911211174,-0.6194267454578023,2.0,172.0,19.0,4H,-0.1138447426038336
104,459.0,65.0,32.0,sma,StochAstic_d,-0.6032057569996802,-0.6157184251595643,1.0,155.0,27.0,4H,-0.1141044388911997
105,288.0,79.0,48.0,ema,StochAstic_d,-0.6800432400493167,-0.5480990011142769,2.0,134.0,80.0,4H,-0.1142400829916277
106,330.0,291.0,46.0,sma,StochAstic_k,-0.5521228004558347,-0.6956097325681531,5.0,250.0,29.0,4H,-0.1153861743321218
107,77.0,8.0,50.0,ema,StochAstic_k,-0.4795469690205823,-0.5532289722512187,5.0,13.0,222.0,4H,-0.1167604532432563
108,85.0,45.0,41.0,ema,StochAstic_k,-0.5181692895174043,-0.559133542189696,3.0,427.0,218.0,4H,-0.1202392214452973
109,714.0,77.0,44.0,ema,StochAstic_d,-0.6542140202744915,-0.6924753153038672,5.0,112.0,14.0,4H,-0.1219161889626833
110,78.0,60.0,33.0,wma,StochAstic_d,-0.4675652181701872,-0.4858454610832416,1.0,140.0,146.0,4H,-0.1220328566897756
111,293.0,28.0,34.0,sma,StochAstic_d,-0.6427585600312481,-0.7513854493173567,5.0,367.0,55.0,4H,-0.1245442113854014
112,822.0,87.0,50.0,wma,StochAstic_d,-0.5880967683308828,-0.5618342335589148,3.0,370.0,29.0,4H,-0.1256230732389202
113,304.0,54.0,16.0,wma,StochAstic_d,-0.999999999999954,-0.9999999999997856,1.0,495.0,85.0,4H,-0.1259921049894763
114,426.0,2.0,30.0,wma,StochAstic_d,-0.9999999999998982,-0.9999999999998956,6.0,457.0,359.0,4H,-0.1259921049894786
115,606.0,77.0,3.0,ema,StochAstic_k,-0.9999999999999506,-0.9999999999999528,2.0,103.0,49.0,4H,-0.1259921049894832
116,218.0,190.0,25.0,ema,StochAstic_d,-0.9999999999999468,-0.9999999999999872,2.0,337.0,54.0,4H,-0.1259921049894845
117,426.0,312.0,7.0,ema,StochAstic_k,-0.999999999999969,-0.99999999999997,6.0,209.0,88.0,4H,-0.1259921049894847
118,171.0,49.0,39.0,sma,StochAstic_k,-0.9999999999999776,-0.999999999999984,5.0,262.0,267.0,4H,-0.1259921049894857
119,398.0,184.0,32.0,wma,StochAstic_k,-0.9999999999999996,-0.99999999999997,1.0,95.0,85.0,4H,-0.125992104989486
120,164.0,22.0,41.0,ema,StochAstic_k,-0.9999999999999832,-0.9999999999999865,4.0,437.0,310.0,4H,-0.125992104989486
121,647.0,445.0,12.0,wma,StochAstic_k,-0.999999999999994,-0.9999999999999768,4.0,387.0,30.0,4H,-0.1259921049894861
122,474.0,61.0,8.0,ema,StochAstic_k,-1.0,-0.9999999999999752,2.0,260.0,63.0,4H,-0.1259921049894863
123,185.0,42.0,30.0,ema,StochAstic_k,-0.9999999999999876,-0.9999999999999926,4.0,442.0,328.0,4H,-0.1259921049894865
124,580.0,172.0,37.0,sma,StochAstic_k,-0.9999999999999885,-0.9999999999999928,6.0,130.0,159.0,4H,-0.1259921049894865
125,73.0,12.0,33.0,ema,StochAstic_k,-0.99999999999999,-0.9999999999999944,1.0,105.0,485.0,4H,-0.1259921049894866
126,121.0,101.0,39.0,ema,StochAstic_k,-0.999999999999988,-0.9999999999999946,5.0,112.0,494.0,4H,-0.1259921049894866
127,838.0,473.0,32.0,ema,StochAstic_d,-0.999999999999991,-0.9999999999999932,4.0,253.0,34.0,4H,-0.1259921049894866
128,581.0,192.0,31.0,ema,StochAstic_k,-0.9999999999999916,-0.9999999999999948,6.0,369.0,251.0,4H,-0.1259921049894867
129,140.0,54.0,22.0,ema,StochAstic_k,-1.0,-0.9999999999999856,3.0,473.0,370.0,4H,-0.1259921049894867
130,470.0,338.0,11.0,wma,StochAstic_k,-0.9999999999999936,-0.999999999999994,2.0,209.0,323.0,4H,-0.1259921049894868
134,374.0,342.0,2.0,ema,StochAstic_k,-0.9999999999999952,-0.999999999999995,3.0,400.0,92.0,4H,-0.1259921049894869
136,361.0,178.0,2.0,ema,StochAstic_k,-0.9999999999999952,-0.999999999999995,4.0,272.0,76.0,4H,-0.1259921049894869
135,473.0,95.0,37.0,sma,StochAstic_d,-0.9999999999999908,-1.0000000000000004,2.0,323.0,43.0,4H,-0.1259921049894869
131,342.0,272.0,20.0,sma,StochAstic_k,-0.9999999999999998,-0.9999999999999916,1.0,406.0,110.0,4H,-0.1259921049894869
133,493.0,285.0,47.0,wma,StochAstic_k,-0.9999999999999968,-0.999999999999993,3.0,360.0,30.0,4H,-0.1259921049894869
132,148.0,120.0,36.0,sma,StochAstic_k,-0.999999999999992,-0.9999999999999996,5.0,311.0,463.0,4H,-0.1259921049894869
137,168.0,106.0,14.0,wma,StochAstic_k,-0.9999999999999968,-0.9999999999999968,2.0,436.0,470.0,4H,-0.125992104989487
138,855.0,375.0,3.0,sma,StochAstic_k,-0.9999999999999984,-0.9999999999999944,1.0,382.0,60.0,4H,-0.125992104989487
139,480.0,305.0,31.0,sma,StochAstic_k,-1.0,-0.9999999999999938,5.0,259.0,469.0,4H,-0.125992104989487
140,496.0,282.0,49.0,sma,StochAstic_k,-0.9999999999999968,-0.9999999999999968,4.0,82.0,402.0,4H,-0.125992104989487
141,547.0,248.0,27.0,sma,StochAstic_k,-0.9999999999999952,-0.9999999999999988,5.0,461.0,218.0,4H,-0.125992104989487
142,470.0,250.0,21.0,ema,StochAstic_d,-0.9999999999999998,-0.9999999999999936,3.0,68.0,22.0,4H,-0.125992104989487
161,736.0,152.0,21.0,sma,StochAstic_k,-0.999999999999998,-0.9999999999999978,3.0,189.0,47.0,4H,-0.1259921049894871
155,769.0,62.0,33.0,sma,StochAstic_k,-0.9999999999999992,-0.9999999999999964,4.0,308.0,64.0,4H,-0.1259921049894871
158,447.0,392.0,49.0,sma,StochAstic_k,-1.0000000000000058,-0.9999999999999892,2.0,216.0,28.0,4H,-0.1259921049894871
159,655.0,108.0,4.0,ema,StochAstic_k,-1.0,-0.9999999999999954,4.0,267.0,306.0,4H,-0.1259921049894871
160,441.0,331.0,29.0,sma,StochAstic_k,-0.9999999999999966,-1.0,6.0,417.0,399.0,4H,-0.1259921049894871
165,850.0,400.0,43.0,wma,StochAstic_k,-0.999999999999996,-1.0,4.0,366.0,77.0,4H,-0.1259921049894871
162,629.0,40.0,23.0,sma,StochAstic_k,-0.999999999999996,-1.0000000000000002,2.0,59.0,27.0,4H,-0.1259921049894871
163,442.0,238.0,40.0,ema,StochAstic_k,-0.9999999999999962,-1.0,2.0,473.0,28.0,4H,-0.1259921049894871
164,771.0,489.0,16.0,wma,StochAstic_k,-0.9999999999999982,-0.9999999999999984,5.0,274.0,73.0,4H,-0.1259921049894871
166,506.0,169.0,29.0,ema,StochAstic_k,-1.0,-0.999999999999996,1.0,412.0,155.0,4H,-0.1259921049894871
156,615.0,33.0,9.0,ema,StochAstic_d,-0.9999999999999978,-0.999999999999998,3.0,250.0,279.0,4H,-0.1259921049894871
157,744.0,549.0,3.0,wma,StochAstic_k,-1.0,-0.9999999999999962,2.0,11.0,42.0,4H,-0.1259921049894871
154,444.0,356.0,16.0,wma,StochAstic_k,-0.9999999999999972,-0.9999999999999972,3.0,79.0,106.0,4H,-0.1259921049894871
147,831.0,310.0,41.0,ema,StochAstic_k,-0.999999999999996,-1.0,6.0,418.0,75.0,4H,-0.1259921049894871
153,149.0,75.0,33.0,ema,StochAstic_k,-0.9999999999999956,-1.0000000000000002,2.0,370.0,268.0,4H,-0.1259921049894871
143,598.0,151.0,20.0,sma,StochAstic_k,-0.9999999999999964,-1.0,3.0,110.0,232.0,4H,-0.1259921049894871
145,311.0,9.0,15.0,sma,StochAstic_d,-0.999999999999996,-1.0,4.0,257.0,170.0,4H,-0.1259921049894871
146,825.0,533.0,29.0,ema,StochAstic_d,-0.999999999999998,-0.9999999999999982,6.0,305.0,70.0,4H,-0.1259921049894871
144,513.0,103.0,7.0,wma,StochAstic_k,-0.9999999999999972,-0.9999999999999972,4.0,456.0,70.0,4H,-0.1259921049894871
148,818.0,282.0,24.0,wma,StochAstic_k,-1.0,-0.999999999999994,1.0,55.0,54.0,4H,-0.1259921049894871
149,209.0,155.0,29.0,sma,StochAstic_k,-0.9999999999999952,-1.0,6.0,125.0,159.0,4H,-0.1259921049894871
150,495.0,418.0,37.0,sma,StochAstic_d,-0.9999999999999964,-1.0000000000000002,6.0,109.0,3.0,4H,-0.1259921049894871
151,645.0,258.0,18.0,sma,StochAstic_d,-0.999999999999971,-1.000000000000025,4.0,9.0,51.0,4H,-0.1259921049894871
152,845.0,576.0,21.0,wma,StochAstic_k,-0.999999999999998,-0.9999999999999978,5.0,395.0,25.0,4H,-0.1259921049894871
176,614.0,53.0,19.0,ema,StochAstic_k,-0.999999999999997,-1.000000000000001,6.0,415.0,117.0,4H,-0.1259921049894872
185,48.0,23.0,43.0,ema,StochAstic_d,-0.9999999999999968,-1.0,6.0,62.0,225.0,4H,-0.1259921049894872
184,183.0,158.0,15.0,ema,StochAstic_k,-1.0,-0.9999999999999972,1.0,158.0,359.0,4H,-0.1259921049894872
183,267.0,36.0,19.0,wma,StochAstic_d,-1.0,-0.9999999999999976,1.0,170.0,164.0,4H,-0.1259921049894872
182,622.0,152.0,41.0,sma,StochAstic_k,-1.000000000000002,-0.9999999999999952,4.0,254.0,442.0,4H,-0.1259921049894872
181,150.0,34.0,14.0,ema,StochAstic_d,-0.9999999999999972,-1.0,1.0,272.0,283.0,4H,-0.1259921049894872
179,596.0,56.0,31.0,wma,StochAstic_d,-0.9999999999999984,-1.0,4.0,120.0,454.0,4H,-0.1259921049894872
178,148.0,30.0,18.0,wma,StochAstic_k,-0.9999999999999968,-1.0000000000000002,4.0,315.0,170.0,4H,-0.1259921049894872
177,705.0,106.0,4.0,ema,StochAstic_d,-0.9999999999999968,-1.0000000000000009,1.0,34.0,125.0,4H,-0.1259921049894872
180,872.0,589.0,47.0,ema,StochAstic_d,-1.0000000000000002,-0.999999999999998,4.0,162.0,69.0,4H,-0.1259921049894872
175,387.0,34.0,10.0,sma,StochAstic_k,-0.9999999999999992,-0.999999999999998,5.0,189.0,151.0,4H,-0.1259921049894872
173,223.0,23.0,14.0,ema,StochAstic_d,-0.999999999999998,-0.9999999999999998,3.0,102.0,118.0,4H,-0.1259921049894872
172,663.0,26.0,33.0,wma,StochAstic_k,-0.9999999999999992,-0.9999999999999992,1.0,492.0,108.0,4H,-0.1259921049894872
171,599.0,199.0,45.0,ema,StochAstic_k,-0.999999999999995,-1.0000000000000018,6.0,346.0,469.0,4H,-0.1259921049894872
170,627.0,57.0,33.0,ema,StochAstic_k,-0.9999999999999984,-0.9999999999999982,2.0,214.0,334.0,4H,-0.1259921049894872
169,171.0,78.0,32.0,sma,StochAstic_d,-0.999999999999999,-0.9999999999999992,5.0,210.0,233.0,4H,-0.1259921049894872
168,454.0,357.0,23.0,sma,StochAstic_k,-1.000000000000001,-0.9999999999999968,6.0,234.0,445.0,4H,-0.1259921049894872
167,710.0,497.0,15.0,sma,StochAstic_d,-1.0,-0.9999999999999974,4.0,450.0,59.0,4H,-0.1259921049894872
174,472.0,313.0,48.0,wma,StochAstic_k,-0.9999999999999968,-1.0,2.0,269.0,472.0,4H,-0.1259921049894872
213,216.0,5.0,32.0,wma,StochAstic_k,-1.0,-1.0,3.0,121.0,205.0,4H,-0.1259921049894873
215,776.0,54.0,13.0,ema,StochAstic_d,-1.0000000000000004,-1.0000000000000004,2.0,248.0,315.0,4H,-0.1259921049894873
214,501.0,271.0,48.0,sma,StochAstic_k,-1.0000000000000002,-1.0,4.0,410.0,357.0,4H,-0.1259921049894873
209,704.0,381.0,17.0,wma,StochAstic_k,-0.9999999999999942,-1.0000000000000069,1.0,73.0,31.0,4H,-0.1259921049894873
212,115.0,55.0,37.0,sma,StochAstic_d,-1.0,-1.0,6.0,109.0,405.0,4H,-0.1259921049894873
211,97.0,85.0,8.0,wma,StochAstic_d,-0.9999999999999992,-1.0000000000000018,5.0,120.0,347.0,4H,-0.1259921049894873
210,497.0,112.0,4.0,wma,StochAstic_d,-0.9999999999999865,-1.0000000000000138,4.0,15.0,29.0,4H,-0.1259921049894873
217,639.0,180.0,45.0,sma,StochAstic_k,-1.0000000000000084,-0.9999999999999906,3.0,376.0,100.0,4H,-0.1259921049894873
216,72.0,68.0,48.0,ema,StochAstic_d,-1.0,-1.0,5.0,403.0,378.0,4H,-0.1259921049894873
221,770.0,499.0,7.0,sma,StochAstic_k,-1.0,-1.0,4.0,446.0,40.0,4H,-0.1259921049894873
218,270.0,72.0,38.0,ema,StochAstic_d,-1.000000000000014,-0.9999999999999876,4.0,434.0,156.0,4H,-0.1259921049894873
207,94.0,9.0,5.0,wma,StochAstic_d,-1.000000000000001,-0.9999999999999988,5.0,133.0,315.0,4H,-0.1259921049894873
219,529.0,263.0,22.0,wma,StochAstic_k,-1.0,-1.0,6.0,28.0,234.0,4H,-0.1259921049894873
220,597.0,19.0,26.0,ema,StochAstic_d,-0.9999999999999998,-0.9999999999999998,4.0,456.0,383.0,4H,-0.1259921049894873
222,497.0,319.0,14.0,sma,StochAstic_k,-1.0,-1.0,5.0,486.0,103.0,4H,-0.1259921049894873
223,780.0,64.0,46.0,wma,StochAstic_k,-0.9999999999999872,-1.0000000000000122,3.0,8.0,143.0,4H,-0.1259921049894873
224,301.0,45.0,42.0,wma,StochAstic_k,-0.9999999999999876,-1.0000000000000129,5.0,88.0,45.0,4H,-0.1259921049894873
225,420.0,254.0,35.0,ema,StochAstic_d,-1.0,-0.9999999999999998,1.0,257.0,100.0,4H,-0.1259921049894873
226,527.0,245.0,14.0,ema,StochAstic_k,-1.000000000000003,-0.9999999999999968,2.0,141.0,387.0,4H,-0.1259921049894873
208,295.0,212.0,19.0,wma,StochAstic_k,-1.0000000000000009,-0.9999999999999994,5.0,201.0,54.0,4H,-0.1259921049894873
194,435.0,375.0,24.0,wma,StochAstic_k,-0.9999999999999968,-1.000000000000003,1.0,108.0,120.0,4H,-0.1259921049894873
206,127.0,36.0,15.0,ema,StochAstic_k,-1.0,-1.0,1.0,158.0,294.0,4H,-0.1259921049894873
195,329.0,318.0,15.0,sma,StochAstic_d,-0.9999999999999964,-1.000000000000003,2.0,461.0,16.0,4H,-0.1259921049894873
186,599.0,33.0,47.0,sma,StochAstic_d,-1.0000000000000022,-0.999999999999998,1.0,321.0,440.0,4H,-0.1259921049894873
187,631.0,135.0,26.0,ema,StochAstic_k,-0.9999999999999964,-1.000000000000003,3.0,451.0,225.0,4H,-0.1259921049894873
188,453.0,332.0,11.0,sma,StochAstic_d,-1.0,-1.0,1.0,345.0,66.0,4H,-0.1259921049894873
189,823.0,619.0,44.0,ema,StochAstic_k,-1.0,-1.0,6.0,466.0,42.0,4H,-0.1259921049894873
190,366.0,277.0,33.0,wma,StochAstic_k,-1.0,-1.0,6.0,169.0,82.0,4H,-0.1259921049894873
191,728.0,169.0,40.0,wma,StochAstic_d,-0.9999999999999996,-0.9999999999999994,1.0,153.0,26.0,4H,-0.1259921049894873
192,745.0,742.0,38.0,ema,StochAstic_k,-1.0,-1.0,5.0,385.0,58.0,4H,-0.1259921049894873
193,802.0,281.0,45.0,wma,StochAstic_d,-1.000000000000003,-0.9999999999999964,2.0,235.0,9.0,4H,-0.1259921049894873
205,587.0,202.0,20.0,ema,StochAstic_d,-1.0,-1.0,4.0,465.0,12.0,4H,-0.1259921049894873
196,161.0,2.0,50.0,sma,StochAstic_k,-1.0,-1.0,4.0,37.0,155.0,4H,-0.1259921049894873
198,743.0,133.0,30.0,sma,StochAstic_k,-1.0,-1.0,5.0,104.0,81.0,4H,-0.1259921049894873
199,255.0,20.0,21.0,sma,StochAstic_d,-1.000000000000003,-0.999999999999997,5.0,82.0,127.0,4H,-0.1259921049894873
200,856.0,109.0,8.0,wma,StochAstic_d,-1.0,-1.0,2.0,372.0,30.0,4H,-0.1259921049894873
201,170.0,64.0,19.0,sma,StochAstic_k,-1.0000000000000002,-1.0,2.0,214.0,61.0,4H,-0.1259921049894873
202,729.0,186.0,39.0,sma,StochAstic_k,-1.0,-1.0,4.0,326.0,27.0,4H,-0.1259921049894873
203,687.0,25.0,50.0,wma,StochAstic_d,-1.0000000000000002,-1.0000000000000002,6.0,248.0,174.0,4H,-0.1259921049894873
204,286.0,246.0,40.0,sma,StochAstic_k,-0.9999999999999876,-1.0000000000000129,1.0,327.0,34.0,4H,-0.1259921049894873
197,581.0,94.0,42.0,sma,StochAstic_k,-1.0,-1.0,5.0,27.0,65.0,4H,-0.1259921049894873
247,587.0,37.0,21.0,sma,StochAstic_k,-1.0,-1.000000000000004,2.0,359.0,219.0,4H,-0.1259921049894874
242,590.0,168.0,36.0,ema,StochAstic_k,-1.0,-1.000000000000004,3.0,355.0,397.0,4H,-0.1259921049894874
243,426.0,423.0,3.0,wma,StochAstic_k,-1.0,-1.0000000000000036,5.0,146.0,174.0,4H,-0.1259921049894874
244,840.0,334.0,15.0,ema,StochAstic_k,-1.0000000000000016,-1.0000000000000018,6.0,300.0,25.0,4H,-0.1259921049894874
245,542.0,189.0,30.0,sma,StochAstic_k,-0.9999999999999998,-1.000000000000003,6.0,13.0,367.0,4H,-0.1259921049894874
246,705.0,86.0,40.0,sma,StochAstic_k,-1.0000000000000022,-1.0,6.0,74.0,290.0,4H,-0.1259921049894874
252,710.0,113.0,29.0,wma,StochAstic_k,-1.000000000000002,-1.000000000000002,6.0,458.0,108.0,4H,-0.1259921049894874
248,420.0,106.0,14.0,wma,StochAstic_d,-1.0000000000000022,-0.9999999999999998,6.0,473.0,41.0,4H,-0.1259921049894874
250,772.0,163.0,8.0,sma,StochAstic_k,-1.0000000000000016,-1.0000000000000018,4.0,153.0,24.0,4H,-0.1259921049894874
251,676.0,11.0,15.0,ema,StochAstic_d,-1.0000000000000009,-1.000000000000003,6.0,424.0,29.0,4H,-0.1259921049894874
240,661.0,11.0,29.0,ema,StochAstic_k,-1.0000000000000009,-1.000000000000003,6.0,129.0,289.0,4H,-0.1259921049894874
253,280.0,79.0,7.0,wma,StochAstic_k,-1.0000000000000018,-1.0000000000000018,6.0,158.0,146.0,4H,-0.1259921049894874
241,832.0,518.0,34.0,wma,StochAstic_k,-1.0,-1.0000000000000029,2.0,94.0,69.0,4H,-0.1259921049894874
254,762.0,99.0,3.0,sma,StochAstic_d,-1.0000000000000009,-1.0000000000000009,5.0,307.0,136.0,4H,-0.1259921049894874
239,539.0,470.0,24.0,ema,StochAstic_k,-0.9999999999999912,-1.0000000000000109,4.0,52.0,31.0,4H,-0.1259921049894874
231,317.0,60.0,15.0,sma,StochAstic_k,-1.0000000000000018,-1.0000000000000016,1.0,306.0,60.0,4H,-0.1259921049894874
238,443.0,40.0,9.0,wma,StochAstic_k,-1.0000000000000009,-1.0000000000000024,3.0,307.0,85.0,4H,-0.1259921049894874
227,144.0,106.0,2.0,wma,StochAstic_k,-1.0,-1.0000000000000018,2.0,417.0,442.0,4H,-0.1259921049894874
228,805.0,529.0,39.0,sma,StochAstic_d,-1.0000000000000018,-1.0000000000000018,4.0,349.0,29.0,4H,-0.1259921049894874
229,471.0,446.0,27.0,wma,StochAstic_d,-1.0000000000000009,-1.0000000000000009,3.0,353.0,70.0,4H,-0.1259921049894874
230,437.0,371.0,28.0,ema,StochAstic_k,-1.000000000000001,-1.000000000000001,5.0,260.0,111.0,4H,-0.1259921049894874
249,305.0,39.0,17.0,ema,StochAstic_k,-1.0000000000000016,-1.0,5.0,186.0,89.0,4H,-0.1259921049894874
237,475.0,312.0,42.0,ema,StochAstic_d,-1.0,-1.0000000000000029,6.0,359.0,10.0,4H,-0.1259921049894874
233,334.0,33.0,15.0,wma,StochAstic_k,-1.000000000000001,-1.000000000000001,5.0,197.0,151.0,4H,-0.1259921049894874
234,602.0,16.0,45.0,ema,StochAstic_d,-1.000000000000005,-0.9999999999999988,2.0,6.0,370.0,4H,-0.1259921049894874
235,468.0,250.0,30.0,ema,StochAstic_k,-1.0,-1.000000000000003,6.0,78.0,224.0,4H,-0.1259921049894874
236,781.0,591.0,6.0,sma,StochAstic_d,-1.0000000000000002,-1.0000000000000029,2.0,12.0,85.0,4H,-0.1259921049894874
232,496.0,298.0,50.0,wma,StochAstic_k,-1.000000000000003,-1.0,1.0,472.0,223.0,4H,-0.1259921049894874
259,417.0,257.0,34.0,wma,StochAstic_k,-1.000000000000016,-0.9999999999999892,2.0,168.0,92.0,4H,-0.1259921049894875
262,236.0,56.0,48.0,sma,StochAstic_d,-0.9999999999999916,-1.000000000000014,4.0,259.0,169.0,4H,-0.1259921049894875
261,121.0,13.0,28.0,ema,StochAstic_k,-1.0000000000000002,-1.000000000000004,4.0,387.0,453.0,4H,-0.1259921049894875
260,482.0,269.0,10.0,wma,StochAstic_d,-1.0,-1.0000000000000049,6.0,273.0,76.0,4H,-0.1259921049894875
258,876.0,606.0,15.0,wma,StochAstic_d,-1.0000000000000022,-1.0000000000000024,2.0,136.0,6.0,4H,-0.1259921049894875
257,61.0,50.0,17.0,ema,StochAstic_k,-1.000000000000005,-1.0,6.0,328.0,131.0,4H,-0.1259921049894875
256,25.0,20.0,35.0,wma,StochAstic_d,-1.000000000000003,-1.0000000000000009,1.0,22.0,300.0,4H,-0.1259921049894875
255,848.0,522.0,22.0,sma,StochAstic_k,-0.9999999999999968,-1.0000000000000082,2.0,210.0,32.0,4H,-0.1259921049894875
267,847.0,590.0,2.0,wma,StochAstic_k,-1.0000000000000062,-1.0,3.0,240.0,21.0,4H,-0.1259921049894876
269,856.0,668.0,35.0,ema,StochAstic_k,-1.0000000000000058,-1.0000000000000029,3.0,169.0,9.0,4H,-0.1259921049894876
268,334.0,267.0,13.0,sma,StochAstic_d,-1.000000000000005,-1.0000000000000009,5.0,61.0,23.0,4H,-0.1259921049894876
270,602.0,139.0,39.0,ema,StochAstic_k,-1.0,-1.0000000000000069,4.0,48.0,249.0,4H,-0.1259921049894876
266,466.0,328.0,20.0,wma,StochAstic_k,-0.9999999999999992,-1.0000000000000089,1.0,4.0,39.0,4H,-0.1259921049894876
265,878.0,264.0,49.0,ema,StochAstic_k,-1.0000000000000062,-1.0,3.0,86.0,51.0,4H,-0.1259921049894876
264,212.0,205.0,33.0,ema,StochAstic_k,-1.0,-1.000000000000007,6.0,12.0,354.0,4H,-0.1259921049894876
263,747.0,95.0,8.0,ema,StochAstic_d,-1.0000000000000009,-1.0000000000000064,5.0,379.0,120.0,4H,-0.1259921049894876
271,553.0,252.0,25.0,sma,StochAstic_k,-1.0000000000000049,-1.000000000000005,1.0,241.0,50.0,4H,-0.1259921049894877
272,587.0,197.0,25.0,ema,StochAstic_k,-1.0000000000000069,-1.000000000000002,5.0,66.0,104.0,4H,-0.1259921049894877
273,15.0,8.0,18.0,sma,StochAstic_k,-1.0,-1.0000000000000102,5.0,215.0,296.0,4H,-0.1259921049894877
274,739.0,10.0,10.0,ema,StochAstic_k,-1.0000000000000355,-0.9999999999999746,2.0,127.0,101.0,4H,-0.1259921049894877
275,779.0,49.0,26.0,wma,StochAstic_k,-1.0000000000000129,-0.9999999999999968,4.0,115.0,174.0,4H,-0.1259921049894877
276,498.0,302.0,25.0,sma,StochAstic_k,-1.0000000000000049,-1.000000000000005,4.0,192.0,199.0,4H,-0.1259921049894877
281,344.0,116.0,33.0,sma,StochAstic_k,-1.0000000000000002,-1.0000000000000118,2.0,465.0,84.0,4H,-0.1259921049894878
280,897.0,25.0,41.0,sma,StochAstic_d,-1.0000000000000115,-1.0,1.0,439.0,177.0,4H,-0.1259921049894878
279,541.0,44.0,17.0,ema,StochAstic_d,-1.0000000000000062,-1.0000000000000069,1.0,424.0,64.0,4H,-0.1259921049894878
278,870.0,212.0,2.0,ema,StochAstic_d,-0.9999999999999776,-1.0000000000000335,4.0,166.0,156.0,4H,-0.1259921049894878
277,586.0,41.0,30.0,ema,StochAstic_d,-1.0000000000000058,-1.000000000000006,3.0,151.0,199.0,4H,-0.1259921049894878
282,184.0,108.0,27.0,ema,StochAstic_k,-1.000000000000001,-1.0000000000000138,1.0,406.0,247.0,4H,-0.1259921049894879
283,188.0,74.0,27.0,ema,StochAstic_d,-0.9999999999999714,-1.0000000000000442,1.0,100.0,112.0,4H,-0.1259921049894879
284,426.0,397.0,25.0,ema,StochAstic_k,-1.0000000000000149,-1.000000000000001,2.0,340.0,64.0,4H,-0.125992104989488
285,566.0,241.0,38.0,ema,StochAstic_k,-1.000000000000007,-1.000000000000009,1.0,383.0,455.0,4H,-0.125992104989488
286,747.0,475.0,12.0,ema,StochAstic_d,-1.0000000000000102,-1.00000000000001,3.0,311.0,30.0,4H,-0.1259921049894881
287,743.0,48.0,42.0,wma,StochAstic_d,-0.9999999999999998,-1.0000000000000202,1.0,162.0,129.0,4H,-0.1259921049894881
288,485.0,274.0,26.0,sma,StochAstic_k,-1.0000000000000104,-1.0000000000000109,4.0,337.0,280.0,4H,-0.1259921049894882
289,154.0,59.0,28.0,wma,StochAstic_k,-1.0000000000000118,-1.0000000000000118,3.0,221.0,313.0,4H,-0.1259921049894883
291,196.0,22.0,26.0,sma,StochAstic_k,-1.0000000000000162,-1.000000000000009,2.0,232.0,94.0,4H,-0.1259921049894884
292,403.0,359.0,29.0,sma,StochAstic_k,-1.0000000000000122,-1.0000000000000149,5.0,270.0,333.0,4H,-0.1259921049894884
290,461.0,309.0,42.0,sma,StochAstic_k,-1.000000000000016,-1.000000000000009,3.0,242.0,449.0,4H,-0.1259921049894884
293,496.0,318.0,12.0,ema,StochAstic_d,-1.000000000000009,-1.0000000000000189,1.0,86.0,25.0,4H,-0.1259921049894885
294,455.0,343.0,47.0,wma,StochAstic_d,-1.0000000000000169,-1.000000000000015,6.0,74.0,80.0,4H,-0.1259921049894886
295,426.0,99.0,9.0,ema,StochAstic_k,-1.0000000000000375,-0.9999999999999988,6.0,154.0,86.0,4H,-0.1259921049894888
296,473.0,309.0,22.0,ema,StochAstic_k,-1.000000000000024,-1.0000000000000169,6.0,142.0,319.0,4H,-0.125992104989489
297,183.0,105.0,42.0,sma,StochAstic_k,-1.0000000000000209,-1.0000000000000242,1.0,291.0,331.0,4H,-0.1259921049894892
298,165.0,30.0,14.0,ema,StochAstic_k,-1.0000000000000238,-1.0000000000000238,4.0,245.0,346.0,4H,-0.1259921049894893
299,744.0,605.0,40.0,wma,StochAstic_d,-1.0000000000000244,-1.0000000000000262,5.0,401.0,7.0,4H,-0.1259921049894894
300,715.0,131.0,17.0,wma,StochAstic_k,-0.9999999999999998,-1.000000000000063,2.0,376.0,147.0,4H,-0.1259921049894899
301,165.0,13.0,30.0,ema,StochAstic_k,-1.0000000000000349,-1.0000000000000395,1.0,50.0,399.0,4H,-0.1259921049894904
302,769.0,705.0,44.0,sma,StochAstic_k,-1.0000000000000395,-1.0000000000000395,2.0,177.0,64.0,4H,-0.1259921049894906
303,161.0,118.0,23.0,sma,StochAstic_k,-1.000000000000048,-1.0000000000000404,4.0,488.0,62.0,4H,-0.125992104989491
304,206.0,146.0,30.0,wma,StochAstic_k,-1.0000000000000495,-1.000000000000055,4.0,229.0,336.0,4H,-0.1259921049894917
305,211.0,75.0,34.0,wma,StochAstic_k,-1.0000000000000564,-1.0000000000000568,2.0,474.0,342.0,4H,-0.1259921049894921
306,585.0,203.0,18.0,ema,StochAstic_k,-1.00000000000011,-1.00000000000011,3.0,275.0,220.0,4H,-0.1259921049894966
307,211.0,25.0,25.0,wma,StochAstic_d,-1.000000000000197,-1.0000000000001898,1.0,452.0,482.0,4H,-0.1259921049895035
308,117.0,40.0,25.0,ema,StochAstic_k,-0.4766158210523444,-0.5285514643819981,5.0,405.0,202.0,4H,-0.1263131523947678
309,240.0,6.0,14.0,wma,StochAstic_d,-0.8690943492638259,-0.5840935585594154,6.0,74.0,230.0,4H,-0.126629952739132
310,484.0,44.0,45.0,wma,StochAstic_d,-0.6896018306959938,-0.7410941159519085,1.0,318.0,62.0,4H,-0.1269143083728927
311,250.0,33.0,8.0,wma,StochAstic_k,-0.3261938972863041,-0.2709220268800197,6.0,325.0,32.0,4H,-0.1284824461561808
312,629.0,15.0,29.0,wma,StochAstic_d,-0.6587633641343091,-0.8142355612263842,1.0,445.0,54.0,4H,-0.1289772655897001
313,391.0,115.0,42.0,ema,StochAstic_k,-0.8761654751247826,-0.6202878939932863,4.0,365.0,79.0,4H,-0.1295427595298483
314,465.0,74.0,14.0,sma,StochAstic_d,-0.5703075744232956,-0.9938284241456228,2.0,283.0,31.0,4H,-0.1313691878055406
315,94.0,14.0,33.0,ema,StochAstic_d,-0.6190541804277458,-0.6220240201108513,4.0,25.0,228.0,4H,-0.1321992594320838
316,310.0,87.0,29.0,ema,StochAstic_d,-0.7615761432274254,-0.7830389049510442,2.0,12.0,73.0,4H,-0.1336140785322168
317,478.0,79.0,21.0,ema,StochAstic_d,-0.815111130767596,-0.8072153698859533,3.0,154.0,74.0,4H,-0.1380666367891175
318,137.0,45.0,13.0,wma,StochAstic_d,-0.4187371568330127,-0.4566153059475018,5.0,280.0,20.0,4H,-0.1388481188672558
319,82.0,4.0,18.0,sma,StochAstic_d,-0.8094409132161436,-0.8287635631338311,6.0,120.0,424.0,4H,-0.1389606800353187
320,170.0,144.0,4.0,ema,StochAstic_k,-0.8140782067673809,-0.8242179652133835,5.0,344.0,140.0,4H,-0.1389705358666512
321,370.0,306.0,42.0,sma,StochAstic_k,-0.3585872445760431,-0.4322697382023898,4.0,267.0,3.0,4H,-0.1407799235664144
322,473.0,108.0,12.0,ema,StochAstic_k,-0.4396483245788519,-0.4547677653262056,3.0,118.0,16.0,4H,-0.1409313819564506
323,371.0,250.0,39.0,ema,StochAstic_k,-0.4729852413958146,-0.4951229048974106,2.0,406.0,11.0,4H,-0.1411174167451748
324,387.0,384.0,9.0,ema,StochAstic_k,-0.8810939687215978,-0.845880723127448,1.0,175.0,73.0,4H,-0.1439230815678464
325,85.0,48.0,38.0,wma,StochAstic_k,-0.7115894779132539,-0.7143466503366541,2.0,136.0,232.0,4H,-0.1450206765563665
326,346.0,103.0,6.0,ema,StochAstic_k,-0.4278650867382317,-0.4503959426323042,4.0,309.0,24.0,4H,-0.145548287763434
327,91.0,44.0,34.0,wma,StochAstic_d,-0.6702945035457156,-0.5782166122289926,3.0,131.0,67.0,4H,-0.1458194323720835
328,316.0,57.0,21.0,sma,StochAstic_d,-0.8066506301926692,-0.9639125895482032,5.0,61.0,77.0,4H,-0.14596913701856
329,92.0,41.0,45.0,wma,StochAstic_d,-0.9170764940020532,-0.8632360048453593,2.0,360.0,275.0,4H,-0.1468469846425225
330,57.0,27.0,12.0,sma,StochAstic_k,-0.8951677947458776,-0.884655312185602,5.0,3.0,277.0,4H,-0.1468631515172658
331,114.0,18.0,35.0,wma,StochAstic_d,-0.7252366486771347,-0.7290494866255016,5.0,460.0,397.0,4H,-0.1469363791886549
332,195.0,169.0,23.0,wma,StochAstic_d,-0.7285668060484847,-0.7486420682964235,3.0,407.0,40.0,4H,-0.1484675765529961
333,256.0,3.0,13.0,ema,StochAstic_k,-0.8973350938704743,-0.937074585592208,4.0,132.0,133.0,4H,-0.1498291335108427
334,128.0,78.0,9.0,sma,StochAstic_d,-0.9443120968871392,-0.9076093150357768,5.0,91.0,174.0,4H,-0.1507850078693634
335,306.0,50.0,48.0,wma,StochAstic_d,-0.9139566798976484,-0.957333616156602,6.0,360.0,45.0,4H,-0.1518272190324598
336,784.0,38.0,41.0,wma,StochAstic_d,-0.9573323996281417,-0.935720396080363,6.0,267.0,50.0,4H,-0.1530228483206104
337,131.0,56.0,40.0,wma,StochAstic_d,-0.970553454734269,-0.9516690569871809,3.0,424.0,280.0,4H,-0.1545925164317869
338,169.0,11.0,12.0,wma,StochAstic_k,-0.6124727771556788,-0.6037487550892254,1.0,444.0,86.0,4H,-0.1546373313111398
339,122.0,87.0,33.0,ema,StochAstic_d,-0.9732720849055736,-0.9616875882638072,3.0,16.0,212.0,4H,-0.1552778192776276
340,376.0,99.0,20.0,sma,StochAstic_k,-0.968645540411736,-0.9774577445539924,2.0,116.0,84.0,4H,-0.155874218422256
341,75.0,62.0,49.0,wma,StochAstic_d,-0.9781473235286062,-0.9721500935206346,6.0,312.0,293.0,4H,-0.1560986671480409
342,77.0,26.0,11.0,sma,StochAstic_d,-0.9822606558117384,-0.9885479666571152,1.0,396.0,178.0,4H,-0.1571911757737524
343,74.0,61.0,35.0,ema,StochAstic_k,-0.980615878476226,-0.992281357212705,6.0,337.0,430.0,4H,-0.1573009147503559
344,405.0,91.0,19.0,wma,StochAstic_k,-0.462597602934517,-0.4693576530004398,6.0,498.0,12.0,4H,-0.1575166966902506
345,142.0,66.0,35.0,wma,StochAstic_d,-0.9956240530172732,-0.9867850868437654,4.0,337.0,235.0,4H,-0.157806897972865
346,711.0,28.0,48.0,ema,StochAstic_d,-0.992595487121205,-0.9925625931003658,3.0,432.0,73.0,4H,-0.1579537946713623
347,95.0,3.0,37.0,sma,StochAstic_k,-0.798164187027837,-0.8298963734160186,4.0,146.0,244.0,4H,-0.1584002216133125
348,570.0,153.0,25.0,sma,StochAstic_k,-0.9978244118554558,-0.9960583818624824,3.0,202.0,191.0,4H,-0.1584162165538455
349,519.0,380.0,46.0,wma,StochAstic_k,-0.9997261592474588,-0.9944841367159968,1.0,69.0,20.0,4H,-0.1584332395484813
350,561.0,77.0,29.0,wma,StochAstic_d,-0.99659892145098,-0.9979132406187472,4.0,98.0,43.0,4H,-0.1584495693129937
351,87.0,52.0,27.0,ema,StochAstic_k,-0.9997257616368512,-0.9998045207791592,3.0,226.0,338.0,4H,-0.1587152498021954
352,322.0,57.0,29.0,sma,StochAstic_d,-0.7062102356678756,-0.9435940993677632,6.0,172.0,48.0,4H,-0.1587170166321796
353,445.0,364.0,7.0,sma,StochAstic_k,-0.8191419443746064,-0.8504198774923226,6.0,357.0,26.0,4H,-0.1610823434845344
354,103.0,18.0,5.0,wma,StochAstic_d,-0.8322038202636537,-0.8596798425341208,3.0,303.0,216.0,4H,-0.1625196579921779
355,368.0,97.0,24.0,sma,StochAstic_d,-0.7314695921474176,-0.594493671617803,1.0,152.0,4.0,4H,-0.1632229305044594
356,232.0,164.0,19.0,ema,StochAstic_k,-0.7307075194926476,-0.756245801919904,5.0,60.0,47.0,4H,-0.1641215135576389
357,237.0,116.0,33.0,ema,StochAstic_k,-0.6833315797081624,-0.6613704648438549,2.0,167.0,28.0,4H,-0.1653327017635067
358,337.0,64.0,15.0,sma,StochAstic_d,-0.8700395374851821,-0.8734553237232723,2.0,251.0,49.0,4H,-0.1658225712884147
359,207.0,120.0,22.0,sma,StochAstic_d,-0.8929961411528202,-0.8517818084789198,6.0,54.0,22.0,4H,-0.1658732667047609
360,689.0,183.0,9.0,sma,StochAstic_d,-0.6279014329052295,-0.6273399831446808,6.0,14.0,6.0,4H,-0.1678257368672659
361,230.0,169.0,34.0,sma,StochAstic_k,-0.6868550316197335,-0.702151849615181,6.0,303.0,33.0,4H,-0.168952793190683
362,136.0,17.0,30.0,sma,StochAstic_d,-0.8911134462336011,-0.9058070531530724,6.0,338.0,204.0,4H,-0.1691894642125713
363,124.0,23.0,21.0,ema,StochAstic_k,-0.904326666292661,-0.92393828209001,3.0,427.0,280.0,4H,-0.1711485338824659
364,105.0,78.0,7.0,ema,StochAstic_k,-0.5683213385898451,-0.5628698008718636,5.0,210.0,52.0,4H,-0.1723351889291366
365,66.0,28.0,43.0,ema,StochAstic_k,-0.9142446596750988,-0.9631266282171532,1.0,333.0,356.0,4H,-0.1741669276932761
366,224.0,59.0,36.0,wma,StochAstic_k,-0.5707915152332598,-0.5806817551282965,4.0,35.0,22.0,4H,-0.1743861102757777
367,124.0,92.0,5.0,sma,StochAstic_k,-0.7424973974827681,-0.7227667435996543,1.0,222.0,108.0,4H,-0.1750777805113323
368,191.0,163.0,21.0,ema,StochAstic_k,-0.6812882187635124,-0.6792421834146988,3.0,16.0,31.0,4H,-0.1770838374895422
369,617.0,509.0,4.0,sma,StochAstic_k,-0.9817195771080688,-0.9832870418500554,6.0,218.0,20.0,4H,-0.1795862186021241
370,398.0,327.0,5.0,ema,StochAstic_d,-0.9775555921059872,-0.9883863115238068,1.0,352.0,22.0,4H,-0.1796414198456807
371,388.0,152.0,18.0,sma,StochAstic_k,-0.5164050591809579,-0.5167410031584215,5.0,187.0,9.0,4H,-0.180396745276229
372,410.0,34.0,6.0,wma,StochAstic_d,-0.8701887197626116,-0.8694647092480295,3.0,229.0,37.0,4H,-0.1822433954992144
373,200.0,56.0,43.0,ema,StochAstic_d,-0.91996166605816,-0.8849319674311286,5.0,90.0,91.0,4H,-0.1867482470844453
374,244.0,22.0,15.0,wma,StochAstic_k,-0.6896357281843967,-0.6888966179498538,4.0,486.0,48.0,4H,-0.1880618109216245
375,158.0,37.0,9.0,ema,StochAstic_k,-0.5919035512649766,-0.5531210698487707,4.0,497.0,35.0,4H,-0.1931217891453539
376,133.0,68.0,45.0,sma,StochAstic_d,-0.8713099034316719,-0.8520715012473222,4.0,378.0,51.0,4H,-0.1950815646045597
377,228.0,225.0,19.0,sma,StochAstic_k,-0.6131382655136083,-0.6266867285809107,5.0,498.0,20.0,4H,-0.1973390219586015
